N,draws,null_mean,null_sd,null_q025,null_q975,null_kind,phase_def,line_code,direction
1,20000,1.0,7.899182684093225e-17,0.9999999999999999,1.0000000000000002,uniform,arc,,
2,20000,0.6359800669726218,0.3055077811024832,0.04348159799232798,0.99906012476031,uniform,arc,,
3,20000,0.527185586511236,0.23912845084327258,0.12404421774222014,0.9696987292941784,uniform,arc,,
4,20000,0.44805277315722414,0.21797557269686318,0.06978839627698534,0.9008870177678081,uniform,arc,,
5,20000,0.4004091764520222,0.1974687348710285,0.07361714126702992,0.8215955781586248,uniform,arc,,
6,20000,0.36689931083094657,0.18172384994675964,0.06554466546245234,0.758662598217493,uniform,arc,,
7,20000,0.3357564871343161,0.16817807791298353,0.061769823221027864,0.6951016289606728,uniform,arc,,
8,20000,0.3152126391873147,0.16049652599261358,0.055317209590494874,0.6570149256739598,uniform,arc,,
9,20000,0.29708997453612646,0.14952147651880487,0.05471534967475747,0.6184295385565906,uniform,arc,,
10,20000,0.2809039442267921,0.1422930711897375,0.050547587384353304,0.5915389793330869,uniform,arc,,
11,20000,0.2673922694492119,0.13466594596805675,0.050744585813656276,0.5598292237416127,uniform,arc,,
12,20000,0.2572518923221997,0.13141110844566523,0.046287635860696966,0.5443045395810544,uniform,arc,,
13,20000,0.24546306234414839,0.1257683161325528,0.04344203583415145,0.5194148665538478,uniform,arc,,
14,20000,0.23678542787239962,0.1212978379503608,0.04354092011504663,0.5036269281470804,uniform,arc,,
15,20000,0.22897657700189925,0.1174994940093948,0.0416579014243267,0.4882610534579302,uniform,arc,,
16,20000,0.22230682525307902,0.11395064898562776,0.04098942183658431,0.4732142995852006,uniform,arc,,
17,20000,0.21521895116549258,0.11013095249365518,0.03890151587257105,0.4585544140065264,uniform,arc,,
18,20000,0.2093442671146911,0.10772005298135762,0.03811067082798757,0.4442953312223421,uniform,arc,,
19,20000,0.2029744966323452,0.10503124143443551,0.0350416389852367,0.4364610207709478,uniform,arc,,
20,20000,0.1976953684419692,0.10158350849472376,0.03591968314484765,0.42095165790507266,uniform,arc,,
21,20000,0.19349377351601202,0.0999867917858254,0.035157255639685164,0.4156350041653805,uniform,arc,,
22,20000,0.18931061478484748,0.09693812883718032,0.03497147998415716,0.40360723928865194,uniform,arc,,
23,20000,0.18513321039230995,0.09561147093056922,0.03268940394433994,0.3985259754551433,uniform,arc,,
24,20000,0.18137935827512497,0.09336357237403538,0.03282106795693284,0.3869557908720667,uniform,arc,,
25,20000,0.17786579170396113,0.09190096380851254,0.03148211054486646,0.38074629945441446,uniform,arc,,
26,20000,0.17427482854302814,0.089601299050971,0.03190120232936609,0.3725012148623836,uniform,arc,,
27,20000,0.1715826950317635,0.08922158950328624,0.03092716282282499,0.36857720449497555,uniform,arc,,
28,20000,0.1668501009481577,0.08637478870137652,0.029882284796812836,0.359016926999957,uniform,arc,,
29,20000,0.1642260620761587,0.08419267926826851,0.031026065014773428,0.3509236342363705,uniform,arc,,
30,20000,0.1619932856932598,0.08332846420357437,0.030462179058070377,0.3463667308374299,uniform,arc,,
31,20000,0.15925892424102342,0.08214790246090434,0.029520937157333952,0.3398954435178958,uniform,arc,,
32,20000,0.15721229316204471,0.08172101817836566,0.02821933808018418,0.33839150980331173,uniform,arc,,
33,20000,0.15515567720902068,0.08058386760903329,0.0283168996211653,0.3332414952578863,uniform,arc,,
34,20000,0.15233279557380974,0.07819279969587474,0.02742510540220457,0.3258814739329269,uniform,arc,,
35,20000,0.1492916988190075,0.07764760828454824,0.02690713687489789,0.32141567976966456,uniform,arc,,
36,20000,0.14847052786808934,0.07662809714348386,0.026545500429885606,0.3187235939549598,uniform,arc,,
37,20000,0.14577444394062247,0.07576568050659425,0.02668528452768649,0.3131027921080476,uniform,arc,,
1,20000,1.0,8.122302123702155e-17,0.9999999999999999,1.0000000000000002,occupancy,arc,,
2,20000,0.7005477241535704,0.30464101083285366,0.05278337636874109,0.9999058569230304,occupancy,arc,,
3,20000,0.6094405499600012,0.2619095660356899,0.15052771823132965,0.9974560066695326,occupancy,arc,,
4,20000,0.5539205151486523,0.25021043672130705,0.09506255271462116,0.9905479838006916,occupancy,arc,,
5,20000,0.5198033030868485,0.23605782308918175,0.10444396842280333,0.9733755073480042,occupancy,arc,,
6,20000,0.5007887018964582,0.22360027110014308,0.09717177911543234,0.943935467738951,occupancy,arc,,
7,20000,0.4841310814117939,0.21481536789205088,0.09986372616913781,0.9136446402025864,occupancy,arc,,
8,20000,0.47046566519951166,0.20525866038194843,0.10019720843554827,0.8760810925164002,occupancy,arc,,
9,20000,0.46105914281596017,0.1985307954098536,0.09563084558687493,0.8552810326236739,occupancy,arc,,
10,20000,0.45604065824688533,0.1910213502478618,0.10206118959969339,0.8256079514080754,occupancy,arc,,
11,20000,0.44447029220706374,0.18664177631777817,0.0967703312234122,0.8054399325578873,occupancy,arc,,
12,20000,0.4436162169245517,0.17928944315551726,0.1076943014238753,0.7924795993379644,occupancy,arc,,
13,20000,0.4372586226209858,0.17671492844797002,0.10205255684420707,0.7841223056745512,occupancy,arc,,
14,20000,0.4356553232175338,0.17237480738369657,0.106639335729337,0.7701276843500847,occupancy,arc,,
15,20000,0.43271226853931866,0.1659761618252241,0.11161683280177176,0.7542942983705992,occupancy,arc,,
16,20000,0.4295449508208107,0.16296317528539644,0.11255236589138981,0.7433064565427625,occupancy,arc,,
17,20000,0.42873210514608456,0.16067088361005094,0.11743595331567806,0.7368895693068086,occupancy,arc,,
18,20000,0.4262312898636259,0.15727638753825324,0.11822936025935413,0.729704132218543,occupancy,arc,,
19,20000,0.4251521292444773,0.1530070046877473,0.1261631801309346,0.7219734407958133,occupancy,arc,,
20,20000,0.42273306905731467,0.14955210508299474,0.12914586948934742,0.709297339490179,occupancy,arc,,
21,20000,0.42080383670487953,0.14696993551732224,0.13172960624285343,0.7055963238444702,occupancy,arc,,
22,20000,0.41990643940068484,0.14495525065525158,0.132374828116472,0.6963126820108116,occupancy,arc,,
23,20000,0.41775440926152657,0.14050814522285143,0.1384613227043804,0.6878527982870067,occupancy,arc,,
24,20000,0.4196618634264783,0.1397897816025325,0.140577120276367,0.6880522946689925,occupancy,arc,,
25,20000,0.41705026723033517,0.13609050447422116,0.14445866460213924,0.6751313623748623,occupancy,arc,,
26,20000,0.414171017654292,0.1340382586274626,0.14696809905591549,0.6720494376133291,occupancy,arc,,
27,20000,0.4167903240633454,0.13242949455981493,0.15102287855258373,0.6680056940788953,occupancy,arc,,
28,20000,0.4136266580190675,0.13008805234850931,0.15309906591909586,0.6608921242570249,occupancy,arc,,
29,20000,0.4142768185063187,0.1269731187455135,0.16191717818571058,0.6586418098341302,occupancy,arc,,
30,20000,0.41450707385682306,0.12590423037736853,0.1626755188131271,0.6542995315146812,occupancy,arc,,
31,20000,0.41216666519457085,0.12544006263275487,0.1627170452368795,0.6503513582748102,occupancy,arc,,
32,20000,0.41236090392092356,0.12331609058463268,0.1682659305028648,0.6502012055183375,occupancy,arc,,
33,20000,0.41279435043700413,0.12050824472625773,0.17230965557753194,0.6415971973093512,occupancy,arc,,
34,20000,0.41181620594489265,0.12012925549671322,0.17403197585800947,0.6454755276539875,occupancy,arc,,
35,20000,0.4113743282460701,0.11689387872975565,0.17679278421070174,0.6328803300776884,occupancy,arc,,
36,20000,0.41049956930182724,0.11652544322080341,0.17917926314622895,0.6335313680534379,occupancy,arc,,
37,20000,0.4107654138565593,0.11415088496513913,0.18494911305650857,0.6294268587080047,occupancy,arc,,
1,20000,1.0,7.698050112053237e-17,0.9999999999999999,1.0000000000000002,speed,arc,,
2,20000,0.6465250875061505,0.3058939079153053,0.042244193079081074,0.9994292092024728,speed,arc,,
3,20000,0.5394274885897321,0.24371896680308203,0.13059933777163693,0.9751591575012036,speed,arc,,
4,20000,0.46683766757493594,0.22268820998118988,0.07832072556280202,0.918809588144674,speed,arc,,
5,20000,0.418864047673586,0.20198821653175159,0.08101715381696142,0.8442152124329249,speed,arc,,
6,20000,0.38859803184056774,0.18962132643009796,0.07040724320586125,0.7896246211130881,speed,arc,,
7,20000,0.3634842705375545,0.17724401232632986,0.06822805381693715,0.7382813228453211,speed,arc,,
8,20000,0.34396404742696374,0.16857102032826532,0.062477943709300834,0.6995823297584912,speed,arc,,
9,20000,0.32894106961640446,0.16075361516263711,0.06054833310409997,0.6670879349312375,speed,arc,,
10,20000,0.31111567473610446,0.1534740390319827,0.06022276750712581,0.6378602145268764,speed,arc,,
11,20000,0.3014346276893464,0.14746001466775824,0.05769141730870894,0.6127122193212299,speed,arc,,
12,20000,0.2914452394716186,0.1424926962386395,0.05475858190724057,0.5948127665274358,speed,arc,,
13,20000,0.28134349787304885,0.13849120361428433,0.053062161911722576,0.5780974014801387,speed,arc,,
14,20000,0.27355021613106,0.13386850182395915,0.05268900798122779,0.5590806191236923,speed,arc,,
15,20000,0.268455471891332,0.13057855037599558,0.05266824729552201,0.5481302423638292,speed,arc,,
16,20000,0.2625841472194915,0.12842485073446236,0.049310393901802016,0.5339149316556853,speed,arc,,
17,20000,0.25559278253515233,0.12491275598153496,0.04835036342535889,0.5234281849833261,speed,arc,,
18,20000,0.2515082460039044,0.1208869695242931,0.049003372694121486,0.5133678881566729,speed,arc,,
19,20000,0.24746164928810807,0.11913879515688766,0.04702353569059134,0.49995997037408507,speed,arc,,
20,20000,0.24190334519121348,0.11635658837683434,0.04639893645995324,0.4877603379231975,speed,arc,,
21,20000,0.2385982465890214,0.11392354992668037,0.04711314163387173,0.47974284941218587,speed,arc,,
22,20000,0.23489503509499374,0.11263366779977849,0.04423368917327025,0.47288322902554575,speed,arc,,
23,20000,0.23040638594309285,0.10991130108883157,0.04467130582217643,0.46032892884702775,speed,arc,,
24,20000,0.22701176399832776,0.10843216570530498,0.04407705602331955,0.4527275962556216,speed,arc,,
25,20000,0.2261765123575919,0.10764546630444641,0.043716764370172724,0.4523334486109887,speed,arc,,
26,20000,0.22433884460548653,0.1051829733430731,0.04513054236181128,0.4430214952297896,speed,arc,,
27,20000,0.22090613519140706,0.10316839860150888,0.04421224933057676,0.439166060222125,speed,arc,,
28,20000,0.218440806905193,0.10109633120679427,0.045228170833273906,0.4311852437371536,speed,arc,,
29,20000,0.21618238162564657,0.10064091018083694,0.045504754052290694,0.4278168155366831,speed,arc,,
30,20000,0.2146453353749212,0.09927461310875693,0.044488666126791684,0.4239941188913224,speed,arc,,
31,20000,0.21225938287567434,0.09778399880070406,0.04398691923341742,0.41635835028141094,speed,arc,,
32,20000,0.211234826493123,0.09705237463482223,0.042013487317791004,0.413424080501894,speed,arc,,
33,20000,0.20856774543584616,0.09547582679687804,0.042712105994582764,0.408101792572624,speed,arc,,
34,20000,0.20855072891377632,0.0950669758267742,0.04415263855970355,0.4061832699854987,speed,arc,,
35,20000,0.20512997956961618,0.09397649952870263,0.04291606196228182,0.4025049138861139,speed,arc,,
36,20000,0.20348000462903032,0.09333905445754657,0.04114380408119454,0.39969418074976176,speed,arc,,
37,20000,0.20386362594049628,0.09181732878081318,0.042982568233958456,0.39484276908679483,speed,arc,,
1,20000,1.0,7.428316197416006e-17,0.9999999999999999,1.0000000000000002,permutation,arc,33,0.0
2,20000,0.7255092514108721,0.32155300411901117,0.027163763838010523,0.9999998520827211,permutation,arc,33,0.0
3,20000,0.6561255574769516,0.27306692690202367,0.1850763025637496,0.999673897430771,permutation,arc,33,0.0
4,20000,0.6120338417777981,0.26236974734016477,0.10536272964326708,0.9983319316276604,permutation,arc,33,0.0
5,20000,0.5879613931239509,0.24747455504593574,0.13786981125461203,0.997055740721781,permutation,arc,33,0.0
6,20000,0.5718031146326681,0.23673696596937027,0.11899379080484729,0.9906730600297567,permutation,arc,33,0.0
7,20000,0.5602443114620763,0.2259753278182368,0.1298156484277789,0.9798178683618155,permutation,arc,33,0.0
8,20000,0.5513791607863441,0.21736520954992383,0.13113851645040003,0.9570616483319118,permutation,arc,33,0.0
9,20000,0.5454140453678197,0.2090018653225809,0.13913270059414778,0.9390066158650625,permutation,arc,33,0.0
10,20000,0.5415155457697636,0.20111797387076907,0.1432024764325148,0.9200164822869981,permutation,arc,33,0.0
11,20000,0.5371352244369314,0.19309684355957735,0.15030056097289016,0.8972185873497415,permutation,arc,33,0.0
12,20000,0.5346759741428458,0.1872297009224995,0.15711578595111086,0.8807737545653211,permutation,arc,33,0.0
13,20000,0.5321374119262787,0.18156242036982814,0.16628701165386237,0.8649366507537777,permutation,arc,33,0.0
14,20000,0.5301550544530419,0.17573395507553174,0.17346968261616524,0.8529772053866382,permutation,arc,33,0.0
15,20000,0.5279824075570354,0.17097262900845928,0.18041944440455773,0.8460579315356921,permutation,arc,33,0.0
16,20000,0.5266241409061647,0.1670650027848109,0.18810107795791028,0.8367632347247178,permutation,arc,33,0.0
17,20000,0.5252284365340916,0.16257003890879262,0.19571059529896545,0.8293360275519026,permutation,arc,33,0.0
18,20000,0.5244544194587257,0.1585074685226332,0.20438761761776783,0.8191601619595006,permutation,arc,33,0.0
19,20000,0.5234225747398263,0.15511444597523588,0.2108796971466394,0.8120182338916407,permutation,arc,33,0.0
20,20000,0.5226588942295627,0.15105344313712776,0.2160793300730635,0.8052089677110202,permutation,arc,33,0.0
21,20000,0.5222347448818357,0.1475725446953396,0.22387441460435845,0.796425001988451,permutation,arc,33,0.0
22,20000,0.5217988709238698,0.14447888577807017,0.2321082355337805,0.7921086644196325,permutation,arc,33,0.0
23,20000,0.521009353004871,0.14164098960699265,0.2372364613427213,0.7843678246625864,permutation,arc,33,0.0
24,20000,0.5205837171786368,0.1389305517618925,0.24229935423882693,0.7794772253803823,permutation,arc,33,0.0
25,20000,0.5205893932355421,0.1358385610318981,0.24846676692613162,0.7736685510195196,permutation,arc,33,0.0
26,20000,0.5200042087050907,0.1332181472023596,0.2529082636287626,0.7693863470159017,permutation,arc,33,0.0
27,20000,0.5195036048755706,0.1309150792319787,0.2559214233984138,0.7634638722472437,permutation,arc,33,0.0
28,20000,0.5190380084755654,0.12881313486248164,0.25925647573561184,0.7596783266138579,permutation,arc,33,0.0
29,20000,0.5189440712120393,0.12661044986400863,0.2617960329471356,0.7550291016453764,permutation,arc,33,0.0
30,20000,0.5186284918442503,0.12435355785749902,0.2679003228775943,0.7490181700846815,permutation,arc,33,0.0
31,20000,0.5181129323137631,0.1223925320085579,0.27046701208165186,0.7444987198590376,permutation,arc,33,0.0
32,20000,0.5178560262325589,0.12031664365682598,0.2736035444007344,0.7420874100562108,permutation,arc,33,0.0
33,20000,0.5176045208864236,0.11831382648400801,0.27779355733825106,0.7383138179632781,permutation,arc,33,0.0
34,20000,0.517035045057059,0.11632973040914601,0.2826496503923501,0.7360741079118105,permutation,arc,33,0.0
35,20000,0.5169346648945231,0.11475101886373186,0.283459545642854,0.7323334313847973,permutation,arc,33,0.0
36,20000,0.516768050747328,0.11311704097680246,0.2862414031507791,0.7287197735126448,permutation,arc,33,0.0
37,20000,0.516892466536256,0.11145159326425716,0.2922183825866728,0.7238650037241999,permutation,arc,33,0.0
1,20000,1.0,8.936311913182743e-17,0.9999999999999999,1.0000000000000002,permutation,arc,39A,1.0
2,20000,0.714336262414078,0.30432238086945446,0.0450251858319295,1.0,permutation,arc,39A,1.0
3,20000,0.6347330011397806,0.26266994348022715,0.15519211610424344,0.9994552771110259,permutation,arc,39A,1.0
4,20000,0.5853607972212911,0.24984122183812293,0.11049667441503923,0.9987458958928602,permutation,arc,39A,1.0
5,20000,0.555848261310595,0.23486299951522,0.12326424304564378,0.9872119490537364,permutation,arc,39A,1.0
6,20000,0.5371822183451493,0.22331259054914207,0.11627168110105564,0.958340135504939,permutation,arc,39A,1.0
7,20000,0.5226818289029684,0.21380238828256135,0.11996298265950792,0.9309764777724646,permutation,arc,39A,1.0
8,20000,0.5127210811627043,0.20451574510336165,0.12303409740571214,0.9038269421052239,permutation,arc,39A,1.0
9,20000,0.5051869447618011,0.19631417356473935,0.12612512392081507,0.8811582316199682,permutation,arc,39A,1.0
10,20000,0.498799937256935,0.18909882088884222,0.13202537882261012,0.8615143059486275,permutation,arc,39A,1.0
11,20000,0.49375247646067355,0.18284969370244444,0.13646491580777406,0.8441274426424284,permutation,arc,39A,1.0
12,20000,0.489780637012664,0.1765069979184036,0.1369453608051552,0.8269624738915488,permutation,arc,39A,1.0
13,20000,0.48691039783272866,0.17054588742585727,0.1464429705350446,0.812590208064202,permutation,arc,39A,1.0
14,20000,0.4842581717358956,0.16587700214719484,0.15195718156538857,0.801105260133526,permutation,arc,39A,1.0
15,20000,0.4820812283403354,0.1620532936656934,0.15903828069664877,0.7887925131522742,permutation,arc,39A,1.0
16,20000,0.47983410833937207,0.15837865224220815,0.15952727068629988,0.7794996565610008,permutation,arc,39A,1.0
17,20000,0.47829139136281784,0.1541578124044107,0.16641146842126633,0.7719872642281704,permutation,arc,39A,1.0
18,20000,0.47653538621910657,0.15045411114395119,0.17213063479381063,0.7609409793833027,permutation,arc,39A,1.0
19,20000,0.4751027390904059,0.14680929298277942,0.17853746887620903,0.7515481206941649,permutation,arc,39A,1.0
20,20000,0.4736827067811532,0.14388746170145722,0.18299289785506484,0.7412032149003224,permutation,arc,39A,1.0
21,20000,0.4727981032904464,0.14053807497110013,0.19044021975950395,0.735319146056718,permutation,arc,39A,1.0
22,20000,0.4713245338447294,0.13761903193120956,0.19313930370635327,0.7301280274334653,permutation,arc,39A,1.0
23,20000,0.47026994890501167,0.13546687270212154,0.1976373430462917,0.7257410045500536,permutation,arc,39A,1.0
24,20000,0.46957031342529526,0.13280069126883645,0.2022044978075274,0.7216991091203917,permutation,arc,39A,1.0
25,20000,0.4688822048510924,0.13058654479042003,0.2073098541744682,0.7167028267400877,permutation,arc,39A,1.0
26,20000,0.4683596010042309,0.1283144461727876,0.2108435258449393,0.7110346969894086,permutation,arc,39A,1.0
27,20000,0.4679243866861811,0.12596742299611055,0.2144962331548761,0.7075059227537617,permutation,arc,39A,1.0
28,20000,0.46718853099333335,0.12385092999153213,0.21814023060697824,0.7018952235455631,permutation,arc,39A,1.0
29,20000,0.46656831664214005,0.12178753012048446,0.2224121936794672,0.6975682452968186,permutation,arc,39A,1.0
30,20000,0.4658958740238759,0.1200387507908523,0.22429811400399058,0.6924116302105252,permutation,arc,39A,1.0
31,20000,0.46533474390488117,0.11824092274675904,0.22916198606639743,0.6868908425644834,permutation,arc,39A,1.0
32,20000,0.4648384270867625,0.11666843854677691,0.23082795544125992,0.6850910638535775,permutation,arc,39A,1.0
33,20000,0.46453347786671556,0.11500586517925249,0.2335782353511782,0.6813805179023904,permutation,arc,39A,1.0
34,20000,0.4641502940508954,0.11365486416887813,0.2367974640229338,0.6787582376161372,permutation,arc,39A,1.0
35,20000,0.4637620179131658,0.11194999425869417,0.23864777395540018,0.6761391126093202,permutation,arc,39A,1.0
36,20000,0.4633895879848317,0.1103756738010735,0.242859851826502,0.6736457629535187,permutation,arc,39A,1.0
37,20000,0.46291664169793195,0.1088695311731516,0.24288551349772736,0.6682613557765508,permutation,arc,39A,1.0
1,20000,1.0,7.491108108597903e-17,0.9999999999999999,1.0000000000000002,permutation,arc,45,1.0
2,20000,0.6843115878211244,0.31946469894520635,0.04917779684807262,0.9999999999999999,permutation,arc,45,1.0
3,20000,0.598899501908511,0.26150426255114956,0.1690625051386306,0.9954357240525188,permutation,arc,45,1.0
4,20000,0.5395906263403012,0.25158584952744134,0.07653712297403281,0.9752658663301251,permutation,arc,45,1.0
5,20000,0.506753398580297,0.23431420250620155,0.11136936432516541,0.9596347462990857,permutation,arc,45,1.0
6,20000,0.48314597136611653,0.22495520251792017,0.08477864952227855,0.931952284970387,permutation,arc,45,1.0
7,20000,0.4662650244676352,0.21393807159633066,0.09382400483905719,0.8994473594855482,permutation,arc,45,1.0
8,20000,0.4540654135413677,0.205788410690608,0.08907898031584101,0.873405143360183,permutation,arc,45,1.0
9,20000,0.44429982101413196,0.19825378149854353,0.09306445529247813,0.8415099882058256,permutation,arc,45,1.0
10,20000,0.436048548116802,0.19208720332762844,0.09009361778860316,0.8144339596532945,permutation,arc,45,1.0
11,20000,0.4297808961945166,0.18618666783248894,0.09122955281043478,0.7939999032168732,permutation,arc,45,1.0
12,20000,0.4244659681910933,0.18107739843136203,0.0909949929757488,0.7802990690708367,permutation,arc,45,1.0
13,20000,0.4201712206274394,0.17609957458841216,0.09548198980843052,0.7653441927194852,permutation,arc,45,1.0
14,20000,0.4158815111212406,0.1713183449985,0.09674693896709484,0.7515172391767431,permutation,arc,45,1.0
15,20000,0.4129236512276766,0.1671430429986677,0.10037981490243768,0.7403627722632787,permutation,arc,45,1.0
16,20000,0.41048506883260677,0.16322557807640264,0.10123762040844324,0.7292565366387023,permutation,arc,45,1.0
17,20000,0.4073113618483824,0.15993045615303442,0.10471078996530182,0.7196598460193689,permutation,arc,45,1.0
18,20000,0.40518144827682534,0.15625604267980114,0.10678334892297657,0.7114291072727965,permutation,arc,45,1.0
19,20000,0.4031594474292629,0.1532426920632982,0.10849803240261295,0.6995045560117606,permutation,arc,45,1.0
20,20000,0.4008185068374642,0.15003812302492386,0.11154052800231576,0.691973106313072,permutation,arc,45,1.0
21,20000,0.39946555014487456,0.14715938646940985,0.11447261659613565,0.6826700321665029,permutation,arc,45,1.0
22,20000,0.39849888592618554,0.14450833204138852,0.11714332018765415,0.6753707611848344,permutation,arc,45,1.0
23,20000,0.39734004558312697,0.14173280854321899,0.11942671309859822,0.6669242723649427,permutation,arc,45,1.0
24,20000,0.396147157317667,0.13958750860102215,0.12192312063519813,0.6624587817471054,permutation,arc,45,1.0
25,20000,0.3951745037605538,0.13723465327360893,0.12434942548063459,0.655500841889751,permutation,arc,45,1.0
26,20000,0.39436030920082765,0.1350122898989701,0.12532628129226436,0.6531949235816773,permutation,arc,45,1.0
27,20000,0.3935016749473942,0.13310297839862134,0.13026093681908685,0.6483468440887649,permutation,arc,45,1.0
28,20000,0.39283869249179487,0.13138580614353204,0.1323848506679769,0.6446371794695106,permutation,arc,45,1.0
29,20000,0.39225584238758304,0.12922732848372068,0.13562002219527583,0.6398770752559095,permutation,arc,45,1.0
30,20000,0.39133782516612825,0.12786699837837953,0.13940343516759762,0.6377875805866089,permutation,arc,45,1.0
31,20000,0.3905979176495996,0.12585634765447734,0.14109995051355478,0.6312833195185864,permutation,arc,45,1.0
32,20000,0.38983329751740675,0.12428428643631292,0.14267382722689176,0.6269676754910443,permutation,arc,45,1.0
33,20000,0.3895897706307747,0.12245094312007113,0.1473106311228137,0.623782071967334,permutation,arc,45,1.0
34,20000,0.3888730681931237,0.12083436801035,0.1504113241220349,0.6205728209513448,permutation,arc,45,1.0
35,20000,0.3888262548916961,0.11917767917162278,0.15254254156194993,0.6177786304135956,permutation,arc,45,1.0
36,20000,0.3883576651405416,0.11747131442073248,0.155247115967366,0.6137057641043362,permutation,arc,45,1.0
37,20000,0.38785543749478,0.11603359481241095,0.15806554681405952,0.6082844993912349,permutation,arc,45,1.0
1,20000,1.0,6.834583332705903e-17,0.9999999999999999,1.0,permutation,arc,OC1,1.0
2,20000,0.731173492808408,0.2980436361442455,0.11192651124860234,1.0,permutation,arc,OC1,1.0
3,20000,0.6519345066065513,0.26735312495300534,0.1699294794043171,0.9997077839212754,permutation,arc,OC1,1.0
4,20000,0.605254793043876,0.2551316532426616,0.11246630568276204,0.9990654222673223,permutation,arc,OC1,1.0
5,20000,0.5796807646529253,0.24002949032949253,0.13164024152770085,0.9954557918814534,permutation,arc,OC1,1.0
6,20000,0.5621819227101701,0.22975348381485766,0.11693564079148273,0.9799908499363909,permutation,arc,OC1,1.0
7,20000,0.5502324364638477,0.21959591115236987,0.12675171672876676,0.9570835681864519,permutation,arc,OC1,1.0
8,20000,0.5414641424321779,0.2102504236737609,0.13303816690964126,0.9347456497161037,permutation,arc,OC1,1.0
9,20000,0.5340973452636106,0.2015029366004543,0.14090316211222495,0.9106955615664761,permutation,arc,OC1,1.0
10,20000,0.5288214858506999,0.19463064640383002,0.14423439186750434,0.8925414714074688,permutation,arc,OC1,1.0
11,20000,0.5252703301588115,0.18796905793359975,0.15348712892591407,0.8746044777827682,permutation,arc,OC1,1.0
12,20000,0.5221000107600116,0.1820759453032152,0.15790144129068842,0.8587228019532032,permutation,arc,OC1,1.0
13,20000,0.5191898089874728,0.17652060930124713,0.16228239523927415,0.8466881388869185,permutation,arc,OC1,1.0
14,20000,0.5172030543036671,0.17067122454669198,0.17045394705458214,0.83660408992346,permutation,arc,OC1,1.0
15,20000,0.5146205449577445,0.16596419597127549,0.1769178350572685,0.8252693469318761,permutation,arc,OC1,1.0
16,20000,0.5125046814958856,0.16201273534247954,0.18017122308114739,0.8163177963895661,permutation,arc,OC1,1.0
17,20000,0.5115529449166379,0.1579303881172462,0.1892689772787317,0.8036641869629682,permutation,arc,OC1,1.0
18,20000,0.510087191451188,0.1541736333284892,0.19419973393638815,0.7954387373232904,permutation,arc,OC1,1.0
19,20000,0.5089876363775696,0.15046076545990966,0.20282383066991286,0.7860992069458731,permutation,arc,OC1,1.0
20,20000,0.5080858989466751,0.14702205900604967,0.2087864743049163,0.7819083138451413,permutation,arc,OC1,1.0
21,20000,0.5071670455738962,0.14374312769012232,0.21126024852489791,0.7715099749837818,permutation,arc,OC1,1.0
22,20000,0.5062044165407336,0.140792904446139,0.2158737040903755,0.7650449666752436,permutation,arc,OC1,1.0
23,20000,0.5052568014472083,0.13805492223510896,0.2204066978918738,0.7600843626293078,permutation,arc,OC1,1.0
24,20000,0.5047734698549855,0.13521919178656427,0.22469601869010727,0.7544226450850942,permutation,arc,OC1,1.0
25,20000,0.5042879739284339,0.13273457019646417,0.23290047227716804,0.7494179077114304,permutation,arc,OC1,1.0
26,20000,0.5038276289602102,0.13023830657849297,0.23460272670825003,0.7453470373955926,permutation,arc,OC1,1.0
27,20000,0.5033086657461127,0.12804799529277544,0.2418911721755293,0.7402605866926845,permutation,arc,OC1,1.0
28,20000,0.5029526310688598,0.12607076586212718,0.24627897839252208,0.7391090505995136,permutation,arc,OC1,1.0
29,20000,0.5024423692448071,0.12396178665739903,0.25197008060016657,0.7337918019884967,permutation,arc,OC1,1.0
30,20000,0.5018705869340664,0.12213069816144699,0.25301665259871586,0.7301437994666296,permutation,arc,OC1,1.0
31,20000,0.5017874506671377,0.12004009869626237,0.25688966936676155,0.7270860870471484,permutation,arc,OC1,1.0
32,20000,0.5014182561843118,0.11855072596518453,0.26130547344784877,0.723851540903112,permutation,arc,OC1,1.0
33,20000,0.5009146129868423,0.11653191581486938,0.2647012113436896,0.7206044662524153,permutation,arc,OC1,1.0
34,20000,0.5006335626443013,0.11485556149789806,0.26669542705364635,0.7173369865743917,permutation,arc,OC1,1.0
35,20000,0.5002418641945171,0.11311947795246693,0.2715893272179737,0.7123517425051983,permutation,arc,OC1,1.0
36,20000,0.5000535518999963,0.11147246071976645,0.2753081220286811,0.7113483232431592,permutation,arc,OC1,1.0
37,20000,0.4997588670575964,0.1103285911257979,0.2765555405713846,0.7081155934448077,permutation,arc,OC1,1.0
1,20000,1.0,8.139357441965384e-17,0.9999999999999999,1.0,permutation,arc,45,0.0
2,20000,0.7148543824917407,0.32057653532996266,0.056279686922650105,0.9999999999999999,permutation,arc,45,0.0
3,20000,0.6418152316705047,0.2725962226652359,0.18905518764064605,0.9992657144645656,permutation,arc,45,0.0
4,20000,0.5914272643909598,0.26517182569830533,0.09307301817389467,0.9915816350666721,permutation,arc,45,0.0
5,20000,0.5656001627941275,0.24737515803073962,0.1310491557162679,0.9875038959146896,permutation,arc,45,0.0
6,20000,0.5483722796984699,0.23685633790893804,0.10870353172828286,0.9776151871340486,permutation,arc,45,0.0
7,20000,0.5357352045684882,0.22529920785102817,0.11497785178087139,0.9609015974548468,permutation,arc,45,0.0
8,20000,0.5262800806745338,0.2163466410353569,0.11724465928312378,0.9427095625637941,permutation,arc,45,0.0
9,20000,0.5186671455730063,0.2085213947152601,0.12157218200816304,0.9221809700976682,permutation,arc,45,0.0
10,20000,0.5138896679895437,0.20147499860146068,0.12358361782192279,0.9013313653265149,permutation,arc,45,0.0
11,20000,0.5085684414042932,0.1952496894266799,0.1270229863243004,0.8778868078756557,permutation,arc,45,0.0
12,20000,0.5049913699821726,0.18903354178251863,0.1327907481582094,0.8538393307946456,permutation,arc,45,0.0
13,20000,0.502227823775265,0.18365814120490048,0.13738488569614393,0.8431895095935575,permutation,arc,45,0.0
14,20000,0.4999199692220643,0.17816625012156065,0.1446339009060614,0.8325207273785097,permutation,arc,45,0.0
15,20000,0.4977918048930462,0.1731166482641369,0.14752836201187358,0.8231824882109656,permutation,arc,45,0.0
16,20000,0.4965123913177884,0.1688108898427292,0.1552634567716967,0.8136857392797705,permutation,arc,45,0.0
17,20000,0.49511707996879284,0.16438529746981742,0.16821007154799977,0.8020070702736338,permutation,arc,45,0.0
18,20000,0.49377887943381565,0.16081332122659003,0.1718436176071204,0.7923905555027776,permutation,arc,45,0.0
19,20000,0.4927706950470561,0.15711150267560944,0.17661379926461973,0.784558185487779,permutation,arc,45,0.0
20,20000,0.4916908926210066,0.15349328437259255,0.17783587675218643,0.7798888372897385,permutation,arc,45,0.0
21,20000,0.49120307670625396,0.15002471454332914,0.1856740933328497,0.7717670774194112,permutation,arc,45,0.0
22,20000,0.4903418778038513,0.14674308502405048,0.19623096683484498,0.7657003954360895,permutation,arc,45,0.0
23,20000,0.48965522057272165,0.1438802318708877,0.19990181519548025,0.7581809393414211,permutation,arc,45,0.0
24,20000,0.4889983246900776,0.14082368839870923,0.20485408928246882,0.752715386291664,permutation,arc,45,0.0
25,20000,0.4883573032813034,0.13823474434573005,0.20903720965587605,0.7456755256567154,permutation,arc,45,0.0
26,20000,0.48755376051075583,0.13610991639780295,0.20946603536478883,0.740458312874178,permutation,arc,45,0.0
27,20000,0.48731159505814403,0.13398565240764523,0.21419456487979394,0.7370890487906152,permutation,arc,45,0.0
28,20000,0.48666229013356216,0.13189788805440802,0.21931673385180125,0.7310071154854196,permutation,arc,45,0.0
29,20000,0.4862662588196017,0.1300060684074041,0.2218788095585974,0.7276003722073361,permutation,arc,45,0.0
30,20000,0.4859683100789718,0.12773220206365957,0.2237550818520201,0.7226320491738902,permutation,arc,45,0.0
31,20000,0.4856600439312729,0.12566299844983128,0.231842730946907,0.719337453502783,permutation,arc,45,0.0
32,20000,0.4852805739085954,0.12412290755697616,0.23275315254354031,0.716670553048489,permutation,arc,45,0.0
33,20000,0.4849791601064431,0.12214818699943594,0.23536838959438944,0.7123048120302917,permutation,arc,45,0.0
34,20000,0.484533732806664,0.12047575641402705,0.23834592762284282,0.7096253499869953,permutation,arc,45,0.0
35,20000,0.48430440480805637,0.11887019013375118,0.240357659326449,0.7056556903690152,permutation,arc,45,0.0
36,20000,0.48387599990494745,0.11733892015667723,0.2440653911089327,0.7032262461086383,permutation,arc,45,0.0
37,20000,0.4834906438517724,0.11577276662214242,0.2458174931628242,0.7009579201959074,permutation,arc,45,0.0
1,20000,1.0,7.947022776297144e-17,0.9999999999999999,1.0000000000000002,permutation,arc,OC1,0.0
2,20000,0.6987740978395989,0.2981656002754583,0.07454978978886098,0.9999746678996784,permutation,arc,OC1,0.0
3,20000,0.6070430483986458,0.2618501195028782,0.13116073133401032,0.9965885609673119,permutation,arc,OC1,0.0
4,20000,0.5541809328901988,0.24522800029658995,0.11023898763140445,0.991704524724163,permutation,arc,OC1,0.0
5,20000,0.5234022354053127,0.22983479523053874,0.10675399676826816,0.969308114403617,permutation,arc,OC1,0.0
6,20000,0.5013377781466103,0.219655574167687,0.10114111421489898,0.930234775893336,permutation,arc,OC1,0.0
7,20000,0.4851628637290181,0.21086332926234508,0.10031967788439478,0.9015559573268089,permutation,arc,OC1,0.0
8,20000,0.4732113969676822,0.2024080953911236,0.10153421195526953,0.8741417130424561,permutation,arc,OC1,0.0
9,20000,0.4636714162745395,0.1951750478640144,0.1040533252127573,0.8491140548545917,permutation,arc,OC1,0.0
10,20000,0.4558465257709389,0.18870189230310272,0.10032139416011727,0.8220447177054867,permutation,arc,OC1,0.0
11,20000,0.4505369102484312,0.18231339802943816,0.10449209360043304,0.8059947102688404,permutation,arc,OC1,0.0
12,20000,0.445534086793916,0.17731198570069584,0.10985528958430593,0.789229243764557,permutation,arc,OC1,0.0
13,20000,0.4415229908731717,0.1729589148469612,0.11121915011595812,0.7754820063683278,permutation,arc,OC1,0.0
14,20000,0.43812726891322457,0.1686675028252545,0.11308139361800161,0.7655827157318591,permutation,arc,OC1,0.0
15,20000,0.43484881260263103,0.16456073831388177,0.11535382296964082,0.7543197832495631,permutation,arc,OC1,0.0
16,20000,0.43227701281922754,0.16084134999809552,0.12075920179400179,0.7449496463693045,permutation,arc,OC1,0.0
17,20000,0.43053027157213947,0.1569850962311084,0.12468187708377107,0.7337119901692057,permutation,arc,OC1,0.0
18,20000,0.429026909493312,0.15308180426318524,0.12665551594845317,0.7249053808447325,permutation,arc,OC1,0.0
19,20000,0.42733231864784066,0.14994113181675892,0.12924014450707993,0.7157372190070982,permutation,arc,OC1,0.0
20,20000,0.42581915838524576,0.14668585010630952,0.13525261749049125,0.7086205294792952,permutation,arc,OC1,0.0
21,20000,0.42470704982661667,0.1433580688863311,0.14416760576125268,0.7010214318247278,permutation,arc,OC1,0.0
22,20000,0.4233875449999318,0.1409929281527791,0.14957727879040977,0.6952654382953053,permutation,arc,OC1,0.0
23,20000,0.42216130998401175,0.1386175774957975,0.14957524629303465,0.6887481365844902,permutation,arc,OC1,0.0
24,20000,0.42130466938642247,0.13603749812725954,0.1524680742673994,0.6831980158147744,permutation,arc,OC1,0.0
25,20000,0.42011630891250334,0.1338898196871261,0.15436018509949695,0.6774112761461053,permutation,arc,OC1,0.0
26,20000,0.41918000635709196,0.13182190182601491,0.15740652833749427,0.6735566534806147,permutation,arc,OC1,0.0
27,20000,0.4182251256681299,0.12957315388813842,0.16240552862042143,0.6682360287478892,permutation,arc,OC1,0.0
28,20000,0.41751568725146027,0.12744293534408377,0.16637362134614508,0.6626396847887829,permutation,arc,OC1,0.0
29,20000,0.41707088700905853,0.12563253712833133,0.1670630518222432,0.6568682766623193,permutation,arc,OC1,0.0
30,20000,0.4166295602161571,0.12388899914611033,0.17150304719995302,0.6518028416860798,permutation,arc,OC1,0.0
31,20000,0.4158715445513295,0.12210125439668755,0.1729347109084145,0.6502606522486195,permutation,arc,OC1,0.0
32,20000,0.4154617495594057,0.12028787432585251,0.1761298398631914,0.6458672497700808,permutation,arc,OC1,0.0
33,20000,0.4151466721584257,0.11861896938757917,0.1815063946410757,0.6431050934918936,permutation,arc,OC1,0.0
34,20000,0.4149680899949809,0.11708277857070291,0.18342582309784375,0.6388198410026262,permutation,arc,OC1,0.0
35,20000,0.4146749311564733,0.11545881202316984,0.18670677903524602,0.6346085906059151,permutation,arc,OC1,0.0
36,20000,0.4142271589276849,0.11364709052834243,0.189518414320948,0.6304077825536509,permutation,arc,OC1,0.0
37,20000,0.4138406980999043,0.1121298189311531,0.19126294878957276,0.6282585038882343,permutation,arc,OC1,0.0
1,20000,1.0,1.0314582307124628e-16,0.9999999999999999,1.0000000000000002,permutation,arc,36,0.0
2,20000,0.7002679814288272,0.2952777758434661,0.0643433200877853,0.9999778707258309,permutation,arc,36,0.0
3,20000,0.6113573959276281,0.2560428746950753,0.13051013069746345,0.9985618273973461,permutation,arc,36,0.0
4,20000,0.5579438503018646,0.24103821586094976,0.11649668336243044,0.989332797632482,permutation,arc,36,0.0
5,20000,0.5233121414102051,0.22730162446802543,0.10781142869977173,0.9732090721012311,permutation,arc,36,0.0
6,20000,0.5017694452371051,0.2149942878743198,0.10982162866395984,0.9304654221791795,permutation,arc,36,0.0
7,20000,0.4853947153127765,0.2054106617243903,0.10731356940717664,0.8902418171722992,permutation,arc,36,0.0
8,20000,0.47137751425342284,0.19770149427840625,0.10718837155483704,0.8566647588283807,permutation,arc,36,0.0
9,20000,0.46171378526662377,0.1901589579437918,0.10699549388843903,0.8318746870092752,permutation,arc,36,0.0
10,20000,0.4548994160371999,0.183173881024378,0.11073208933866946,0.8136038076497472,permutation,arc,36,0.0
11,20000,0.44877932167877455,0.17720116075356315,0.11447940069359326,0.7950969870497616,permutation,arc,36,0.0
12,20000,0.44347136715443514,0.17209020344567072,0.11452069727329796,0.7808705593209595,permutation,arc,36,0.0
13,20000,0.4387546566199755,0.16785149670569705,0.11605132829833929,0.766803577892433,permutation,arc,36,0.0
14,20000,0.435112924125344,0.16385480391596033,0.11973141837272606,0.7525312324985298,permutation,arc,36,0.0
15,20000,0.4322382253013573,0.15970612357336983,0.12041897640128982,0.7435890696450654,permutation,arc,36,0.0
16,20000,0.42980169995870127,0.155495888039739,0.12824645127515424,0.7318042595291541,permutation,arc,36,0.0
17,20000,0.42791947953547677,0.15224124820758597,0.13017637963201625,0.7230313957962451,permutation,arc,36,0.0
18,20000,0.4262386220770862,0.14854975842113474,0.13309698452707208,0.7152285385935752,permutation,arc,36,0.0
19,20000,0.42407026544810833,0.14504423666781233,0.13941089064396192,0.705305577048795,permutation,arc,36,0.0
20,20000,0.4226664739795982,0.14187844238594827,0.14215933925859414,0.6997488185111658,permutation,arc,36,0.0
21,20000,0.42116231522519965,0.13877494578056532,0.14488639958876573,0.6896612536209619,permutation,arc,36,0.0
22,20000,0.4197160000810436,0.13593095372880806,0.14997297526348707,0.683345285623009,permutation,arc,36,0.0
23,20000,0.41849969594247066,0.13343732998096194,0.15227313848483032,0.6780543828311958,permutation,arc,36,0.0
24,20000,0.4173263741350582,0.13133852369867016,0.15646079942070437,0.6726799255408508,permutation,arc,36,0.0
25,20000,0.4162358324868145,0.12910356735548614,0.15868721789187562,0.6649265355799404,permutation,arc,36,0.0
26,20000,0.4151319787798131,0.12708410147398067,0.16359464910013388,0.6601052907146044,permutation,arc,36,0.0
27,20000,0.41419176492628856,0.12506478596322448,0.16586524505256414,0.6566707741554464,permutation,arc,36,0.0
28,20000,0.41364000977121085,0.12322156250129546,0.16808876935349204,0.6521379487812057,permutation,arc,36,0.0
29,20000,0.4130434562520275,0.12143028668215501,0.17085613553510443,0.6489643898768505,permutation,arc,36,0.0
30,20000,0.4122794960718357,0.11945087276672321,0.17275769040831618,0.6424751562285597,permutation,arc,36,0.0
31,20000,0.41155071753069133,0.11762842811137073,0.17582211738994574,0.6388152716261188,permutation,arc,36,0.0
32,20000,0.41116118284446845,0.11581563981116874,0.17892031288957339,0.6360333103875607,permutation,arc,36,0.0
33,20000,0.4104459864989041,0.11440527571175539,0.1807335793402811,0.6295718415873806,permutation,arc,36,0.0
34,20000,0.41001546449447057,0.11290711917978183,0.185797814289316,0.6273417598407389,permutation,arc,36,0.0
35,20000,0.4093102229423253,0.11132591659083838,0.18829147185533676,0.6241129382135168,permutation,arc,36,0.0
36,20000,0.40910930783610117,0.10998496592056876,0.19064406744280918,0.6213133445175489,permutation,arc,36,0.0
37,20000,0.40864103454343037,0.10863652045112399,0.19202179769965547,0.6176848733093045,permutation,arc,36,0.0
1,20000,1.0,8.854902533225635e-17,0.9999999999999999,1.0000000000000002,permutation,arc,46,0.0
2,20000,0.6999292959504481,0.3016237287561435,0.06933241045345412,1.0,permutation,arc,46,0.0
3,20000,0.6073588817252107,0.2615000295652187,0.13542668038153435,0.9999111865458032,permutation,arc,46,0.0
4,20000,0.5551818653000286,0.24672628033567462,0.10907471333793023,0.9995625691159623,permutation,arc,46,0.0
5,20000,0.5233256480862779,0.2311988594388549,0.1080265545314274,0.970823391260071,permutation,arc,46,0.0
6,20000,0.5011459798255818,0.21992048764045014,0.10387962542478503,0.9407314880213282,permutation,arc,46,0.0
7,20000,0.48584022321301346,0.21046849351124047,0.10469824093213963,0.9050677007401678,permutation,arc,46,0.0
8,20000,0.4734170384312358,0.2012641338788601,0.10522442650292436,0.8705743028876394,permutation,arc,46,0.0
9,20000,0.46356903513678005,0.19400019957059755,0.10604323574565973,0.8421633130150796,permutation,arc,46,0.0
10,20000,0.4559294420768512,0.18726594678803052,0.1101096633368143,0.8246154271511521,permutation,arc,46,0.0
11,20000,0.4490013458268067,0.18161392429237322,0.10677827503009965,0.8092758577871556,permutation,arc,46,0.0
12,20000,0.4440676473790394,0.17633750305373613,0.10789597918852459,0.7893837115706291,permutation,arc,46,0.0
13,20000,0.4398113321136668,0.17228724476216345,0.10710885867364625,0.7744179707509271,permutation,arc,46,0.0
14,20000,0.4362883950553536,0.16775543261232015,0.1122971850845923,0.7622778820175852,permutation,arc,46,0.0
15,20000,0.43274979924135687,0.1637345951227111,0.11366000612867985,0.7496776262721145,permutation,arc,46,0.0
16,20000,0.4301879458373954,0.16007709234324483,0.11851668757197412,0.7377041546579829,permutation,arc,46,0.0
17,20000,0.4279688091462583,0.15562618268083708,0.12239331860201877,0.7255634631745956,permutation,arc,46,0.0
18,20000,0.4264773297918917,0.15183555839994606,0.12607681088816494,0.7170237129126584,permutation,arc,46,0.0
19,20000,0.42460934499988545,0.14864767017818667,0.13185097535813595,0.7112349006326706,permutation,arc,46,0.0
20,20000,0.4233195723607373,0.14551190930389216,0.13610663192877195,0.7017801588122111,permutation,arc,46,0.0
21,20000,0.4221573951010465,0.1423388558720903,0.14016086531099842,0.6954654938625086,permutation,arc,46,0.0
22,20000,0.42124220307251525,0.13919810930454482,0.14675565905466786,0.6887922077092153,permutation,arc,46,0.0
23,20000,0.42021720439440496,0.1366309086336575,0.1482821271931349,0.6842998880166238,permutation,arc,46,0.0
24,20000,0.419238803294086,0.13416337195120298,0.1539028543926417,0.6799067935682195,permutation,arc,46,0.0
25,20000,0.41820133500629675,0.13177881110784606,0.154794940684946,0.6725500969622336,permutation,arc,46,0.0
26,20000,0.41722242844353186,0.1294790268452011,0.1611452644399814,0.6667994660612636,permutation,arc,46,0.0
27,20000,0.4168910825007112,0.12694519753990327,0.1674988024631076,0.6618117141801484,permutation,arc,46,0.0
28,20000,0.4165097419226616,0.12467356672136397,0.17030804545194483,0.6568679652223041,permutation,arc,46,0.0
29,20000,0.41586170308090986,0.12291656396238566,0.17311318485224658,0.6506720670058489,permutation,arc,46,0.0
30,20000,0.41507763608307796,0.12091463821157665,0.17777910134220923,0.6464457611596054,permutation,arc,46,0.0
31,20000,0.4146983471247541,0.11921160485985464,0.17870352349414695,0.6428007859060445,permutation,arc,46,0.0
32,20000,0.41422348367732437,0.11747123473408089,0.18057220054253204,0.6407693948496589,permutation,arc,46,0.0
33,20000,0.413598233550049,0.11573623772128418,0.1812460454758802,0.6349189189071488,permutation,arc,46,0.0
34,20000,0.41304029401066944,0.1140601990190103,0.1862070131707018,0.6322522971000853,permutation,arc,46,0.0
35,20000,0.4122810294459992,0.11219853605633054,0.18765668469619895,0.6259423890518027,permutation,arc,46,0.0
36,20000,0.41183071661437415,0.11072028711072723,0.19049062319061008,0.6244139412596249,permutation,arc,46,0.0
37,20000,0.41155968395569015,0.10927912057726617,0.19324182524981454,0.6214354649658466,permutation,arc,46,0.0
1,20000,1.0,7.649458684465719e-17,0.9999999999999998,1.0000000000000002,permutation,arc,35,0.0
2,20000,0.725608096290904,0.29714436059711963,0.06445221291268462,0.999985936774178,permutation,arc,35,0.0
3,20000,0.6451357783495697,0.25925705750502004,0.17433717668860688,0.999300865492128,permutation,arc,35,0.0
4,20000,0.5983852592284298,0.2467415533412354,0.1158480157515976,0.9878388498717785,permutation,arc,35,0.0
5,20000,0.570804812614632,0.23264168033967766,0.12890976146106786,0.9695629224224721,permutation,arc,35,0.0
6,20000,0.5526279229869632,0.22212730815299192,0.12389395013282599,0.9498442017734732,permutation,arc,35,0.0
7,20000,0.5397128982884069,0.21191636089771299,0.13075479717366578,0.928794794039937,permutation,arc,35,0.0
8,20000,0.5294959034473288,0.20305699552059595,0.13410354601305507,0.9032840666370202,permutation,arc,35,0.0
9,20000,0.5223073394913509,0.19507106707652846,0.13905412985585247,0.8840164375528206,permutation,arc,35,0.0
10,20000,0.5160786260537811,0.1880101086188154,0.13895089346185321,0.8657274214428006,permutation,arc,35,0.0
11,20000,0.511004851673851,0.1809603497218166,0.14855196897571926,0.8495332725976472,permutation,arc,35,0.0
12,20000,0.507549553280319,0.17484894649058,0.15439932523059346,0.8286964434933692,permutation,arc,35,0.0
13,20000,0.5046662713181901,0.16947970239700866,0.15839941771091817,0.8164729195256283,permutation,arc,35,0.0
14,20000,0.5015559526116936,0.16471409245556437,0.16600907740432197,0.8066503105128708,permutation,arc,35,0.0
15,20000,0.49937385108682947,0.15998497218034005,0.17104941968083176,0.7948685543415301,permutation,arc,35,0.0
16,20000,0.4973337315974362,0.15555737959719965,0.17694591637232304,0.7854104439993208,permutation,arc,35,0.0
17,20000,0.4957379460978427,0.15117343348948092,0.1866606955656443,0.7758893912829997,permutation,arc,35,0.0
18,20000,0.49391806132699195,0.14703064981660063,0.19366882975199007,0.7663749698170378,permutation,arc,35,0.0
19,20000,0.492767755790068,0.14362344344832612,0.1987940565358395,0.7588233634893163,permutation,arc,35,0.0
20,20000,0.4919372482171894,0.14043802309293274,0.2068685760424043,0.7508575664038609,permutation,arc,35,0.0
21,20000,0.4911495978150658,0.13752950623729068,0.2100753641239562,0.746718608850219,permutation,arc,35,0.0
22,20000,0.4900988511192065,0.13454354951402053,0.21142781452253476,0.7408349524748455,permutation,arc,35,0.0
23,20000,0.48921192207855235,0.13167045451984413,0.2179170243202546,0.7319157203231402,permutation,arc,35,0.0
24,20000,0.4879818213787299,0.12888177559778782,0.22208548216285182,0.7257491226485944,permutation,arc,35,0.0
25,20000,0.4878778628747696,0.12622206760006288,0.2291753681347424,0.7204516849377599,permutation,arc,35,0.0
26,20000,0.4873417936666596,0.12380461456274622,0.2334167977967892,0.7149746766451499,permutation,arc,35,0.0
27,20000,0.4869024292216687,0.12152440093157302,0.23971576377469708,0.712138516256058,permutation,arc,35,0.0
28,20000,0.4863181886928994,0.1197175928084904,0.24384792381799145,0.7078045429721718,permutation,arc,35,0.0
29,20000,0.4853446592479451,0.11760379380095558,0.24746514066721395,0.7041830987306976,permutation,arc,35,0.0
30,20000,0.48456951082636024,0.11569153216078788,0.2496824860030119,0.700349566212262,permutation,arc,35,0.0
31,20000,0.48417375412303526,0.11398585065481655,0.2520269272958144,0.6965279546753936,permutation,arc,35,0.0
32,20000,0.4839401130767798,0.11207843702922837,0.25738482700131243,0.6929815330145436,permutation,arc,35,0.0
33,20000,0.4834052131530216,0.11064653381845029,0.2570610740335532,0.6883593746430522,permutation,arc,35,0.0
34,20000,0.4831519897737453,0.1091208966031437,0.25913114424703304,0.6849013192757305,permutation,arc,35,0.0
35,20000,0.48280424523803583,0.1075254133613482,0.261667940385666,0.681429033058285,permutation,arc,35,0.0
36,20000,0.4824841234182303,0.10581570923274891,0.2684507599648098,0.678975996617449,permutation,arc,35,0.0
37,20000,0.4820017692301558,0.10448072567062118,0.26961139792781114,0.6776723055966752,permutation,arc,35,0.0
1,20000,1.0,6.998543979903041e-17,0.9999999999999999,1.0000000000000002,permutation,arc,48,1.0
2,20000,0.7112098797071615,0.31126425602992774,0.04759962821871294,1.0,permutation,arc,48,1.0
3,20000,0.6332488845826157,0.26364861706952614,0.17432555670931874,0.9992678121756582,permutation,arc,48,1.0
4,20000,0.5863169927085892,0.25272618409803876,0.0976837586597355,0.9965322746753509,permutation,arc,48,1.0
5,20000,0.5588911065387759,0.2377167830566512,0.12331189292974859,0.9806817152337483,permutation,arc,48,1.0
6,20000,0.5389176325903446,0.2263235862144598,0.1100194748173117,0.9621324321501488,permutation,arc,48,1.0
7,20000,0.5256428262215721,0.21696021964329282,0.11891988827713496,0.9319770557103825,permutation,arc,48,1.0
8,20000,0.5159777397272146,0.20856578622500016,0.1221714852053079,0.9104818546481996,permutation,arc,48,1.0
9,20000,0.5089615460215731,0.200705853670755,0.12313796971390903,0.8902221779819501,permutation,arc,48,1.0
10,20000,0.5035066126126658,0.19434558980805675,0.12464216340415632,0.8690987449186821,permutation,arc,48,1.0
11,20000,0.4990163846361473,0.18755005753570447,0.13204003849517673,0.8494656860132924,permutation,arc,48,1.0
12,20000,0.49484396868212555,0.1819168845512267,0.1345337046521857,0.8318153052556695,permutation,arc,48,1.0
13,20000,0.492042254213707,0.17639299725671898,0.13968189418115132,0.8209658272740612,permutation,arc,48,1.0
14,20000,0.4890474446896893,0.17141916099268037,0.14765354211263906,0.8107349351341799,permutation,arc,48,1.0
15,20000,0.48745281497006326,0.16694264089123667,0.15089727527770946,0.8006556682913595,permutation,arc,48,1.0
16,20000,0.48544663813814093,0.16254357658664967,0.15749082016001661,0.7881502895516053,permutation,arc,48,1.0
17,20000,0.4836223793163389,0.15854301212948332,0.16635642677033521,0.7791939949185948,permutation,arc,48,1.0
18,20000,0.4819713905610708,0.15458784168322176,0.1683648480894711,0.7696466610621665,permutation,arc,48,1.0
19,20000,0.4808624860390675,0.15105187107574494,0.17672173418020143,0.7653495909394077,permutation,arc,48,1.0
20,20000,0.4798694943888973,0.1476483605508471,0.18122608850658506,0.7576631098586009,permutation,arc,48,1.0
21,20000,0.47900603340454817,0.14449133387782934,0.1868435209812635,0.7486566330479472,permutation,arc,48,1.0
22,20000,0.47813748915333154,0.14143868779169516,0.1894546431035969,0.7434070554454807,permutation,arc,48,1.0
23,20000,0.477237266856799,0.13868486860302673,0.19721528537114383,0.7363406946307605,permutation,arc,48,1.0
24,20000,0.47632111235815355,0.13561745707183626,0.2020448160874532,0.7287287205912333,permutation,arc,48,1.0
25,20000,0.47560021286343274,0.13359973736483097,0.20500262348313547,0.7265330623281786,permutation,arc,48,1.0
26,20000,0.47484575795745604,0.13133602720025847,0.20900164818574266,0.7221234149605825,permutation,arc,48,1.0
27,20000,0.4741566766727291,0.12915126929591483,0.21144892798547324,0.7161616822015253,permutation,arc,48,1.0
28,20000,0.4735602311487381,0.12689487768801752,0.21433372306266696,0.7115782001111284,permutation,arc,48,1.0
29,20000,0.4731815008980121,0.12466022210815825,0.21690288333552862,0.7076888827895401,permutation,arc,48,1.0
30,20000,0.47234245529833163,0.12229876231773186,0.22262911242233238,0.7029586495747803,permutation,arc,48,1.0
31,20000,0.4718261951884454,0.12043326819786819,0.22528637356233788,0.6992954852917465,permutation,arc,48,1.0
32,20000,0.47121220460828633,0.11852712032040955,0.22959904310959856,0.693805134612458,permutation,arc,48,1.0
33,20000,0.47087851420720755,0.11681017375298695,0.23370584744611975,0.6912577601534063,permutation,arc,48,1.0
34,20000,0.4704011265859143,0.11523085428760244,0.23752537300893467,0.6881374814323343,permutation,arc,48,1.0
35,20000,0.47003121308923146,0.11361151264483271,0.2408359808723632,0.6834412454956307,permutation,arc,48,1.0
36,20000,0.46982972611777984,0.11206190286069277,0.24368876335011927,0.6794105404370843,permutation,arc,48,1.0
37,20000,0.46966073862795166,0.11076325720825467,0.24539811566544265,0.677640454648879,permutation,arc,48,1.0
1,20000,1.0,6.295229625002836e-17,0.9999999999999999,1.0000000000000002,permutation,arc,OC3,0.0
2,20000,0.6768130127304457,0.31574052162418514,0.038824652994547265,0.9999688056487284,permutation,arc,OC3,0.0
3,20000,0.5881299681855279,0.2586436110050571,0.15438211255259074,0.9984978592822699,permutation,arc,OC3,0.0
4,20000,0.5293841961435224,0.24675669260769603,0.07892780205704693,0.989675308893196,permutation,arc,OC3,0.0
5,20000,0.4937769280190244,0.23019759194306708,0.10215992650821008,0.9604061093863829,permutation,arc,OC3,0.0
6,20000,0.46848584442837526,0.21965595441266061,0.08464041967227642,0.9174962716842214,permutation,arc,OC3,0.0
7,20000,0.45193553279989035,0.20991613395162007,0.08856135870801148,0.8773173742636448,permutation,arc,OC3,0.0
8,20000,0.4392901400757046,0.20199228866909322,0.08530392055714843,0.8483508513401338,permutation,arc,OC3,0.0
9,20000,0.4292998649246717,0.1953012226300032,0.0868492299616207,0.8217714401748911,permutation,arc,OC3,0.0
10,20000,0.4201048312239398,0.18934858310119748,0.08525581899859606,0.7994843328398001,permutation,arc,OC3,0.0
11,20000,0.4131626733674851,0.18378801224383076,0.08640681689783895,0.7838837316128476,permutation,arc,OC3,0.0
12,20000,0.40713578733747735,0.178879020517089,0.08393944122628111,0.7654598669484018,permutation,arc,OC3,0.0
13,20000,0.4025761144206568,0.1738537683269754,0.08520293606244876,0.7502342090249499,permutation,arc,OC3,0.0
14,20000,0.39936014662490454,0.16973182459213992,0.0898020059366794,0.734993630789306,permutation,arc,OC3,0.0
15,20000,0.39602424133359293,0.16603568882517286,0.08880125683813947,0.7252132687226573,permutation,arc,OC3,0.0
16,20000,0.393184047248732,0.16206408906537872,0.09113752709957819,0.7108854329022796,permutation,arc,OC3,0.0
17,20000,0.3904832486754139,0.15833866729165852,0.09410718151698157,0.7031309069135827,permutation,arc,OC3,0.0
18,20000,0.38802373953999886,0.1550868809952005,0.09359262462064002,0.69348945135799,permutation,arc,OC3,0.0
19,20000,0.3853874057305554,0.15174576056652092,0.09866036962095985,0.6848253144112968,permutation,arc,OC3,0.0
20,20000,0.38324622302513534,0.1486248681924021,0.10009355941474568,0.6747316428666952,permutation,arc,OC3,0.0
21,20000,0.38141237656474786,0.14611859940698968,0.10230280996449181,0.6664964869810105,permutation,arc,OC3,0.0
22,20000,0.38006554070517984,0.1437441311762358,0.10359065837201929,0.6582235374789275,permutation,arc,OC3,0.0
23,20000,0.37909655762904537,0.1416188696499432,0.10433653828687381,0.6549169074634275,permutation,arc,OC3,0.0
24,20000,0.37795189951602776,0.13908444317710114,0.10904342575455944,0.6512359571548328,permutation,arc,OC3,0.0
25,20000,0.37686358232406736,0.13685992489548038,0.11150963234887713,0.6443987659403343,permutation,arc,OC3,0.0
26,20000,0.3761213627651423,0.13474697852958611,0.11380322994124453,0.6411543260033047,permutation,arc,OC3,0.0
27,20000,0.37532381672618087,0.1329084106741475,0.11572049643468907,0.6356232632543728,permutation,arc,OC3,0.0
28,20000,0.37475675935850966,0.13078400523551767,0.116701296301717,0.6296438682050337,permutation,arc,OC3,0.0
29,20000,0.37397648418255836,0.1285587987025096,0.1219283319088016,0.6234621285196977,permutation,arc,OC3,0.0
30,20000,0.37309488659877804,0.12657216654524167,0.12549278217756568,0.6182186395219388,permutation,arc,OC3,0.0
31,20000,0.37220584057962486,0.12498029243355722,0.12648190211509983,0.6141474690005313,permutation,arc,OC3,0.0
32,20000,0.37148077783871397,0.12360016650783355,0.12834223003863807,0.6102002128401642,permutation,arc,OC3,0.0
33,20000,0.37080847388634186,0.12197666354802296,0.12937096848554358,0.6072503883874558,permutation,arc,OC3,0.0
34,20000,0.3701605623263736,0.1205862177740274,0.13168397460206024,0.6021255198063812,permutation,arc,OC3,0.0
35,20000,0.3697184250958341,0.11900601051767151,0.132973897009604,0.597341982876089,permutation,arc,OC3,0.0
36,20000,0.36926729468759306,0.11740316038341751,0.13684507600356413,0.5967209118519359,permutation,arc,OC3,0.0
37,20000,0.36902039562859557,0.1156591757092525,0.13904900728852787,0.5919464631319699,permutation,arc,OC3,0.0
1,20000,1.0,9.353162721810671e-17,0.9999999999999999,1.0000000000000002,permutation,arc,OC2,1.0
2,20000,0.7031620464794616,0.30014593549261015,0.06515807707250235,1.0,permutation,arc,OC2,1.0
3,20000,0.6141503083872103,0.2600146872282304,0.1426474341733725,0.9985718091860848,permutation,arc,OC2,1.0
4,20000,0.5615186572739731,0.24569527740887576,0.10992842657536125,0.9933586048454178,permutation,arc,OC2,1.0
5,20000,0.5303339898784734,0.23237982338372498,0.11110110271059664,0.9741186104247053,permutation,arc,OC2,1.0
6,20000,0.5086341568602503,0.22166278292961084,0.106059459011119,0.9462035877463929,permutation,arc,OC2,1.0
7,20000,0.4926476079541359,0.21157892671605777,0.10388871165528427,0.9120042322988497,permutation,arc,OC2,1.0
8,20000,0.4799552946950829,0.20437402417475664,0.10401441591958943,0.8814925531447964,permutation,arc,OC2,1.0
9,20000,0.4702239204285021,0.19693193325924838,0.10304533345348775,0.8537022144778977,permutation,arc,OC2,1.0
10,20000,0.4633128110127709,0.19039856797381627,0.10506724446871687,0.8326267589351916,permutation,arc,OC2,1.0
11,20000,0.45758019304304726,0.1840888297146852,0.1115996972553873,0.8148078149568709,permutation,arc,OC2,1.0
12,20000,0.4526303957586589,0.17917798599481485,0.11568287773952683,0.7989363136958594,permutation,arc,OC2,1.0
13,20000,0.44881006584787886,0.17417555934260215,0.11562643105473021,0.7862370957236257,permutation,arc,OC2,1.0
14,20000,0.44579988210859767,0.16885460451547515,0.11770776059065327,0.7717995479535347,permutation,arc,OC2,1.0
15,20000,0.4423212106120393,0.16461737607921872,0.12245845083876512,0.7645118160074584,permutation,arc,OC2,1.0
16,20000,0.4402763451432001,0.16045194198934837,0.12706579820098923,0.7480672937084244,permutation,arc,OC2,1.0
17,20000,0.4379501428024174,0.15650744909597042,0.12984946959859198,0.7391263220553872,permutation,arc,OC2,1.0
18,20000,0.43605967089612296,0.15331294146024724,0.13271539004241986,0.7311664502276047,permutation,arc,OC2,1.0
19,20000,0.4347547662730765,0.14987138179035167,0.14182386702085778,0.7232718419240404,permutation,arc,OC2,1.0
20,20000,0.43315294486093653,0.14668060303999458,0.14056399407267192,0.712405576413458,permutation,arc,OC2,1.0
21,20000,0.4318495566738362,0.1436831027796652,0.14614336216586032,0.707151597133076,permutation,arc,OC2,1.0
22,20000,0.4305932426991055,0.14087827162464905,0.15006259114325732,0.7023108264524945,permutation,arc,OC2,1.0
23,20000,0.42990570721113563,0.1384442814182859,0.1549745315385259,0.6965964244938434,permutation,arc,OC2,1.0
24,20000,0.4291246673778297,0.13606940041135746,0.1560505780025421,0.6914259813199445,permutation,arc,OC2,1.0
25,20000,0.428083184501682,0.1336985086868643,0.16330958166017476,0.6835149464394886,permutation,arc,OC2,1.0
26,20000,0.4272624254609365,0.1314840451283974,0.16436847961648585,0.6795545195438448,permutation,arc,OC2,1.0
27,20000,0.4263430683621573,0.12923101186990812,0.16922468603857196,0.6734318027981326,permutation,arc,OC2,1.0
28,20000,0.4258978719232949,0.1269312063035683,0.17517976119804568,0.6707945474707702,permutation,arc,OC2,1.0
29,20000,0.42529542236842627,0.12506051384884537,0.1767696881817224,0.6665531853648757,permutation,arc,OC2,1.0
30,20000,0.42464945941491694,0.1227204197117272,0.18085062347112382,0.6618657020482074,permutation,arc,OC2,1.0
31,20000,0.424020745497168,0.12103826171382148,0.18114648822374083,0.6571308940199382,permutation,arc,OC2,1.0
32,20000,0.4235830687993418,0.11934244797077508,0.1850127291262852,0.6514999888053316,permutation,arc,OC2,1.0
33,20000,0.42308656343457407,0.11787685657045271,0.1867115536730844,0.6498664154238393,permutation,arc,OC2,1.0
34,20000,0.4227355475243128,0.1161973050231494,0.18919560905524904,0.6446863904335588,permutation,arc,OC2,1.0
35,20000,0.4223891782840475,0.11468154883271169,0.19362857053974838,0.6411475101450026,permutation,arc,OC2,1.0
36,20000,0.4219792623805573,0.11331368291978092,0.19513374320378304,0.6392681138971588,permutation,arc,OC2,1.0
37,20000,0.4216699419660627,0.1116464673017174,0.19911676529716008,0.6358296541550523,permutation,arc,OC2,1.0
1,20000,1.0,8.257012017417071e-17,0.9999999999999999,1.0000000000000002,permutation,arc,38A,0.0
2,20000,0.6670080606560519,0.3193145115213069,0.032638668376857825,0.9999607568979441,permutation,arc,38A,0.0
3,20000,0.573986167960675,0.2571678189585845,0.15114875015826654,0.9968660216469891,permutation,arc,38A,0.0
4,20000,0.5117902892104259,0.2441379060109545,0.07197926449799028,0.97627475062612,permutation,arc,38A,0.0
5,20000,0.4766968105333238,0.2258533260489377,0.10289926699854797,0.9376075850563768,permutation,arc,38A,0.0
6,20000,0.44855312748907744,0.215414955625725,0.08104720517811273,0.8987679323687937,permutation,arc,38A,0.0
7,20000,0.42892459910651387,0.2059309191711332,0.0815672888677831,0.8558782649981156,permutation,arc,38A,0.0
8,20000,0.4134099352919822,0.1983605620229677,0.07760877752948192,0.8245915946405198,permutation,arc,38A,0.0
9,20000,0.40034587755744455,0.19082823583395178,0.07565170741915997,0.7928335577687521,permutation,arc,38A,0.0
10,20000,0.3905922122680386,0.18405165341784183,0.07761184775029954,0.7687707003456695,permutation,arc,38A,0.0
11,20000,0.38253119842557337,0.17870697767119473,0.07661137245794204,0.7472689093437157,permutation,arc,38A,0.0
12,20000,0.37569215820509655,0.1735340982210457,0.07394677692298221,0.7281042090921431,permutation,arc,38A,0.0
13,20000,0.37052166124673863,0.16891065081998277,0.07323943097100019,0.7111637362632758,permutation,arc,38A,0.0
14,20000,0.3655329590136324,0.16473206917961364,0.07555364187017072,0.6995922547734083,permutation,arc,38A,0.0
15,20000,0.3611755469382612,0.16128349425562222,0.075901329322886,0.6878009722503166,permutation,arc,38A,0.0
16,20000,0.3577356036327419,0.15797928273342007,0.07618621861930534,0.6763257947431092,permutation,arc,38A,0.0
17,20000,0.35444116681965315,0.1544609409496974,0.07809686676757564,0.6651694241867857,permutation,arc,38A,0.0
18,20000,0.3518403882385989,0.15144745439266574,0.07740741252306702,0.655040311005824,permutation,arc,38A,0.0
19,20000,0.34937432045046085,0.1488137787605198,0.07614399116448442,0.6444507484002429,permutation,arc,38A,0.0
20,20000,0.3472581768869022,0.14589880468463634,0.07878526019161004,0.6370195616672497,permutation,arc,38A,0.0
21,20000,0.34522329068190477,0.14348354853250123,0.0775043880595606,0.6300885563814529,permutation,arc,38A,0.0
22,20000,0.3433087976016962,0.14126876826271315,0.07823008519337865,0.6247488392615514,permutation,arc,38A,0.0
23,20000,0.34186932706805045,0.13853799964520136,0.08248358051890342,0.6170408613639764,permutation,arc,38A,0.0
24,20000,0.34037320187197945,0.136346617797285,0.08229008645352982,0.609799032401206,permutation,arc,38A,0.0
25,20000,0.33878446201007234,0.13432979908514295,0.08509487318577588,0.6042193139746989,permutation,arc,38A,0.0
26,20000,0.33754185557646527,0.13229210823779147,0.08712905740143,0.5990199843082853,permutation,arc,38A,0.0
27,20000,0.33654183851097114,0.1306417072249418,0.08946958734746663,0.5932554404228041,permutation,arc,38A,0.0
28,20000,0.33589463638918804,0.12865132989548134,0.09032911279721531,0.5925252488305845,permutation,arc,38A,0.0
29,20000,0.3347008829804637,0.12678973536962748,0.0923213584928171,0.585190170743054,permutation,arc,38A,0.0
30,20000,0.3338321475643669,0.12503226710891602,0.09431548534951906,0.5785917943698625,permutation,arc,38A,0.0
31,20000,0.33324313022364177,0.12348051849369224,0.09595458033206554,0.574995784518376,permutation,arc,38A,0.0
32,20000,0.3324956258009047,0.12162714048779043,0.09894544506634158,0.5702369963456939,permutation,arc,38A,0.0
33,20000,0.3316845124097772,0.12000108066762083,0.09758243523600307,0.5642854044680125,permutation,arc,38A,0.0
34,20000,0.330885935711465,0.11840564419972867,0.10131145626305328,0.5606986659575468,permutation,arc,38A,0.0
35,20000,0.33045398887386335,0.11702655975413406,0.10136243181826315,0.5583491410465065,permutation,arc,38A,0.0
36,20000,0.32986470996428446,0.1155868425296313,0.10429679643702768,0.5551607776022348,permutation,arc,38A,0.0
37,20000,0.3293615158037624,0.11409572291653697,0.10761456992645868,0.5522487878316025,permutation,arc,38A,0.0
1,20000,1.0,8.047978094613581e-17,0.9999999999999999,1.0000000000000002,permutation,arc,46,1.0
2,20000,0.6818375702354221,0.2999567753753782,0.05583142834119002,0.9999914582998554,permutation,arc,46,1.0
3,20000,0.5853735505521006,0.25170216140884094,0.14068002782803157,0.982933836502076,permutation,arc,46,1.0
4,20000,0.5269403276763738,0.23613132915512797,0.09709446243422719,0.9585204018471677,permutation,arc,46,1.0
5,20000,0.48978764869688857,0.22147862959290002,0.0997252260290316,0.921784040182803,permutation,arc,46,1.0
6,20000,0.4635665194128562,0.2084864339556196,0.09581917883615297,0.8822176622126037,permutation,arc,46,1.0
7,20000,0.44493349320334635,0.19909978698078956,0.08987117403751534,0.8445472028910971,permutation,arc,46,1.0
8,20000,0.4305981997986761,0.19020865493502595,0.0885688542291897,0.8137115492099961,permutation,arc,46,1.0
9,20000,0.4196862958767052,0.18378695247809954,0.08738485920330759,0.7836173739994318,permutation,arc,46,1.0
10,20000,0.41088310287319973,0.17792012155240666,0.08774949555293726,0.7622770909705413,permutation,arc,46,1.0
11,20000,0.40345291477484035,0.1723945382779565,0.0866922237761406,0.7414772939541896,permutation,arc,46,1.0
12,20000,0.3963067526097805,0.16753138880556562,0.08726577140450216,0.7255071457109686,permutation,arc,46,1.0
13,20000,0.3913844710350382,0.16289486122232213,0.08915403955013902,0.7107651495466217,permutation,arc,46,1.0
14,20000,0.3864188685522876,0.15899384124016086,0.08927984023727187,0.6976866889774944,permutation,arc,46,1.0
15,20000,0.3821682155212883,0.15466434528643863,0.09142101491519644,0.6837926050084676,permutation,arc,46,1.0
16,20000,0.3786128828970941,0.15105021232949353,0.09258507480841897,0.6739632466267328,permutation,arc,46,1.0
17,20000,0.37578475824192537,0.14749986614122346,0.09383582811023713,0.6642674777611804,permutation,arc,46,1.0
18,20000,0.37280670566826846,0.1444383928449319,0.09397225608445467,0.6551122000297718,permutation,arc,46,1.0
19,20000,0.37005049820151564,0.14177795987836853,0.0981386812862506,0.648571881933643,permutation,arc,46,1.0
20,20000,0.3681526463772771,0.139153341040852,0.09784848416846995,0.6386216125127564,permutation,arc,46,1.0
21,20000,0.36647125341478404,0.1363140921373375,0.10291553112179719,0.631853642944473,permutation,arc,46,1.0
22,20000,0.36496982685590784,0.133344253532516,0.10681788626899534,0.6269054346623444,permutation,arc,46,1.0
23,20000,0.3632539252837824,0.13073528962350978,0.1075757978107363,0.6189089333631348,permutation,arc,46,1.0
24,20000,0.3619598179768644,0.12857165763071046,0.11260430900771393,0.6139531715483181,permutation,arc,46,1.0
25,20000,0.36048363673936207,0.1263700193149751,0.11665480552019526,0.6082181531985754,permutation,arc,46,1.0
26,20000,0.359229246785234,0.12449043099399594,0.11745387709230719,0.6023780713142376,permutation,arc,46,1.0
27,20000,0.3582960654764343,0.12243209514176107,0.11716374605007962,0.5975448318553759,permutation,arc,46,1.0
28,20000,0.35708883168925903,0.12069515997400634,0.12171818049707517,0.5903544561801121,permutation,arc,46,1.0
29,20000,0.3563957521356614,0.11899485002078793,0.12359711635728576,0.5876596134846349,permutation,arc,46,1.0
30,20000,0.3555903317435429,0.11717100540025292,0.1252208075836948,0.5826491434041902,permutation,arc,46,1.0
31,20000,0.35494011403316683,0.11542838637554206,0.127978139120828,0.5795991237643341,permutation,arc,46,1.0
32,20000,0.3540808867413737,0.11389926792398426,0.13108563929305062,0.575625664435296,permutation,arc,46,1.0
33,20000,0.3533798356279493,0.1122108418211095,0.13113132904226985,0.5713958558284506,permutation,arc,46,1.0
34,20000,0.3528634477930945,0.1106367500683302,0.133325190539931,0.5660846197481844,permutation,arc,46,1.0
35,20000,0.3522188580526238,0.10927195377527892,0.13474299278237853,0.56332856843545,permutation,arc,46,1.0
36,20000,0.3517606797654453,0.10779933836020847,0.13683944667555145,0.5590600592624869,permutation,arc,46,1.0
37,20000,0.35099687338787505,0.1064763206936766,0.14003421061601212,0.5562004286161224,permutation,arc,46,1.0
1,20000,1.0,8.251411891063028e-17,0.9999999999999999,1.0000000000000002,permutation,arc,38A,1.0
2,20000,0.6725566668165612,0.30878497732495547,0.041061747426204685,0.9998818272448303,permutation,arc,38A,1.0
3,20000,0.5732783886282788,0.25459988142079476,0.13744850927640131,0.9934828069224875,permutation,arc,38A,1.0
4,20000,0.5095941404269101,0.23883621699875288,0.0812621973145156,0.9626932765972958,permutation,arc,38A,1.0
5,20000,0.47274945308175154,0.22201082601212022,0.09601660138112837,0.9283053404428611,permutation,arc,38A,1.0
6,20000,0.4471047229367987,0.2093798254798755,0.08829926967152692,0.881885053511557,permutation,arc,38A,1.0
7,20000,0.4263911853855796,0.20034620036067471,0.08239829421047426,0.8387437879481232,permutation,arc,38A,1.0
8,20000,0.410775778987386,0.19291862921740846,0.07806489126827046,0.8034709118411225,permutation,arc,38A,1.0
9,20000,0.39867822168198075,0.18589583876177,0.07723233331282996,0.7764511181252958,permutation,arc,38A,1.0
10,20000,0.38916469786840735,0.180521838036664,0.07594969984363593,0.7594015536709736,permutation,arc,38A,1.0
11,20000,0.38162529195616096,0.17491155267591474,0.07649080340977044,0.7363728295993883,permutation,arc,38A,1.0
12,20000,0.3745201864962125,0.16964804231049402,0.07517202405757975,0.7186200818389179,permutation,arc,38A,1.0
13,20000,0.3686907183142051,0.16471059110566888,0.07604737347234938,0.7002911478469172,permutation,arc,38A,1.0
14,20000,0.3642156728691408,0.16097375404828737,0.07544573134343445,0.6880002228328617,permutation,arc,38A,1.0
15,20000,0.3600933222531462,0.156867726115707,0.0777212876662532,0.6775751084653523,permutation,arc,38A,1.0
16,20000,0.3558403498436541,0.1532987308867082,0.07666840656724475,0.6635582779013915,permutation,arc,38A,1.0
17,20000,0.3525527295052393,0.1501850689418436,0.0773412672898839,0.653448299207303,permutation,arc,38A,1.0
18,20000,0.3493703377807602,0.1475755344308681,0.07809733190780233,0.6414708892426569,permutation,arc,38A,1.0
19,20000,0.3465005056997696,0.1445012009259728,0.0819568052633184,0.6327469803788801,permutation,arc,38A,1.0
20,20000,0.34396835730110714,0.14227719239658432,0.08033122813192288,0.6276547589993351,permutation,arc,38A,1.0
21,20000,0.34171378109299133,0.13961754441711524,0.08170957559105632,0.6201121561502866,permutation,arc,38A,1.0
22,20000,0.33992080436087263,0.13739006050742508,0.08433524293059286,0.6104830582875341,permutation,arc,38A,1.0
23,20000,0.3379058368548589,0.13516689487677705,0.08296975906087546,0.6047738490117343,permutation,arc,38A,1.0
24,20000,0.33653058591699236,0.13313494705438236,0.08296815169730688,0.5978881404073811,permutation,arc,38A,1.0
25,20000,0.3354691720359117,0.13144541163063483,0.08567321744103487,0.5947563667599105,permutation,arc,38A,1.0
26,20000,0.33391424316122165,0.1293057668820676,0.08530511260537467,0.591159261513325,permutation,arc,38A,1.0
27,20000,0.33264354837926413,0.12748463383844372,0.08906760496594038,0.5839000052445589,permutation,arc,38A,1.0
28,20000,0.33163843198088855,0.12575296521046997,0.08877975129825602,0.5801174158254043,permutation,arc,38A,1.0
29,20000,0.33025631357498286,0.1236114308228864,0.09184791524996515,0.5739962417854318,permutation,arc,38A,1.0
30,20000,0.3292807439405937,0.12200997406241999,0.09267056438226186,0.5701651794393969,permutation,arc,38A,1.0
31,20000,0.3281789267525525,0.12031456510917983,0.09392385753982144,0.566500768337501,permutation,arc,38A,1.0
32,20000,0.3274822610098978,0.11864880471369821,0.09569397096068356,0.5616833756672878,permutation,arc,38A,1.0
33,20000,0.32683808463254843,0.11682185785411307,0.09758136280510572,0.5568670859155077,permutation,arc,38A,1.0
34,20000,0.3266311652035479,0.11513716342236797,0.10092579714165295,0.5506333751579953,permutation,arc,38A,1.0
35,20000,0.32576502588426487,0.11387216137422272,0.10430691911408532,0.5471554736746446,permutation,arc,38A,1.0
36,20000,0.3249503355393703,0.11245400411886834,0.10595031139153155,0.5441935231948528,permutation,arc,38A,1.0
37,20000,0.32446367326971653,0.1109735608246239,0.10767443195182036,0.5396250549188176,permutation,arc,38A,1.0
1,20000,1.0,9.018694959160613e-17,0.9999999999999998,1.0000000000000002,permutation,arc,48,0.0
2,20000,0.6950656803747032,0.3167795120419813,0.03382051100086552,0.9999852631810839,permutation,arc,48,0.0
3,20000,0.6111570380180517,0.2656437775220894,0.1633022435601108,0.9992819584386843,permutation,arc,48,0.0
4,20000,0.5610257681470302,0.25573944159165546,0.08600767148811038,0.995351103284948,permutation,arc,48,0.0
5,20000,0.5311644867590828,0.23796700271413732,0.11581687799506721,0.9863445437531819,permutation,arc,48,0.0
6,20000,0.509929797469171,0.22676789220805305,0.0978656643732878,0.9528700501714102,permutation,arc,48,0.0
7,20000,0.49620261480602823,0.2163622104867112,0.10574996840037787,0.927226207372967,permutation,arc,48,0.0
8,20000,0.486143848200707,0.20844277146637546,0.10571464481121212,0.8937047527385689,permutation,arc,48,0.0
9,20000,0.47848326210670183,0.20097244218373567,0.10281201368582508,0.8701270335976307,permutation,arc,48,0.0
10,20000,0.47189586016636476,0.19478714443455222,0.1033677298266853,0.8534008101204671,permutation,arc,48,0.0
11,20000,0.46692846249998693,0.1888728977322388,0.11168144180630349,0.8340382631050143,permutation,arc,48,0.0
12,20000,0.4629283754399915,0.18344973958735195,0.11017367754713861,0.8157006808260797,permutation,arc,48,0.0
13,20000,0.4593684463731697,0.1780784869408378,0.1186592194762894,0.8011439847549306,permutation,arc,48,0.0
14,20000,0.45627021301818876,0.17370962248569927,0.1209133665460953,0.791777608044566,permutation,arc,48,0.0
15,20000,0.45356466780579413,0.16905337823481065,0.1250640865904275,0.7768254451008674,permutation,arc,48,0.0
16,20000,0.4513378862215417,0.16486061668604088,0.12733695313755428,0.766971424679234,permutation,arc,48,0.0
17,20000,0.449004471637638,0.16108772226689472,0.13434503377331145,0.758035009340948,permutation,arc,48,0.0
18,20000,0.4472563879611662,0.157522758820369,0.13724202845687963,0.7490688517868206,permutation,arc,48,0.0
19,20000,0.44581225737664226,0.15414492594482151,0.14117909226892958,0.740091188068116,permutation,arc,48,0.0
20,20000,0.44455222013077983,0.15061327955485773,0.1459131500263599,0.731111237971098,permutation,arc,48,0.0
21,20000,0.4436704350218308,0.147387791698518,0.14994764342224334,0.726648788129929,permutation,arc,48,0.0
22,20000,0.4424473971669513,0.1442522244751164,0.15500460204222524,0.7190776574743359,permutation,arc,48,0.0
23,20000,0.44150724260431945,0.1415173430247191,0.15787686312647037,0.7100000123166156,permutation,arc,48,0.0
24,20000,0.4403596338806089,0.13890489494262492,0.16293171946457277,0.7029699025720337,permutation,arc,48,0.0
25,20000,0.4396378319410165,0.1367951613798521,0.16545366980823814,0.69607394594631,permutation,arc,48,0.0
26,20000,0.438982974528278,0.13421839843016758,0.16571072964584865,0.6924784645059672,permutation,arc,48,0.0
27,20000,0.43842671484452367,0.13202062650684754,0.169252341911283,0.6882513203958726,permutation,arc,48,0.0
28,20000,0.437745230131727,0.129648218544816,0.17577924328094935,0.6842914985707113,permutation,arc,48,0.0
29,20000,0.4374883920315777,0.1274045980191124,0.18157654602798826,0.67788136423295,permutation,arc,48,0.0
30,20000,0.4370472342581168,0.12556653073816337,0.18542946205026614,0.6744788608609389,permutation,arc,48,0.0
31,20000,0.43659507877643555,0.12367603081274067,0.18812419292390573,0.6710390750239493,permutation,arc,48,0.0
32,20000,0.43616944482177933,0.1218720591194773,0.1928246985233828,0.6683845387051401,permutation,arc,48,0.0
33,20000,0.4356091208319434,0.12031600043392951,0.19650922467506662,0.6648424863610021,permutation,arc,48,0.0
34,20000,0.435132840466811,0.11843231541504172,0.1987755075582917,0.660920253080353,permutation,arc,48,0.0
35,20000,0.43478984129252857,0.11691604880256162,0.20321152554682223,0.6575800543024576,permutation,arc,48,0.0
36,20000,0.4344373975304514,0.11561309563216148,0.20367065048793417,0.6541079699547935,permutation,arc,48,0.0
37,20000,0.4338602292871688,0.11425486857952148,0.20529157082415686,0.6539684909354312,permutation,arc,48,0.0
1,20000,1.0,6.598290542162305e-17,0.9999999999999999,1.0000000000000002,permutation,arc,OC3,1.0
2,20000,0.689828666512812,0.30798746930676485,0.034247795037135195,1.0,permutation,arc,OC3,1.0
3,20000,0.5997613634724658,0.2597171799713081,0.1337603300391292,0.9988112958840734,permutation,arc,OC3,1.0
4,20000,0.5441312303344777,0.2446831769748681,0.09975298413550933,0.9935036494692955,permutation,arc,OC3,1.0
5,20000,0.5093876433597848,0.23025847992814968,0.10450166168612687,0.9613260697760034,permutation,arc,OC3,1.0
6,20000,0.48590808119327983,0.21838609783612067,0.09583897653536175,0.9213209278669077,permutation,arc,OC3,1.0
7,20000,0.468844502180582,0.20887419795497356,0.09662914756444382,0.8887068776755138,permutation,arc,OC3,1.0
8,20000,0.4561537404698859,0.20077288686357728,0.09525931556037336,0.8532463356057429,permutation,arc,OC3,1.0
9,20000,0.44644744499011985,0.19305126121157468,0.09443646315830857,0.8256664417437694,permutation,arc,OC3,1.0
10,20000,0.4380683172357546,0.18696335175170628,0.09838152781554,0.805039088179828,permutation,arc,OC3,1.0
11,20000,0.4311899450734137,0.18114394347375606,0.10125036699050657,0.7847791977718304,permutation,arc,OC3,1.0
12,20000,0.426512781897468,0.17567622072219366,0.10256966984040587,0.7693578393497915,permutation,arc,OC3,1.0
13,20000,0.4220112802571321,0.17168921530325124,0.10116693836118504,0.7579958839130051,permutation,arc,OC3,1.0
14,20000,0.4182513314640836,0.16759064610860486,0.09976022334666544,0.7452966619603036,permutation,arc,OC3,1.0
15,20000,0.41512352357129356,0.1640288643914564,0.10516366394977202,0.7351851815798569,permutation,arc,OC3,1.0
16,20000,0.41278395608053914,0.16018599504808212,0.1071756627561942,0.7247972720570526,permutation,arc,OC3,1.0
17,20000,0.4102569103808778,0.15689375839182504,0.10987537017583542,0.7151282622701267,permutation,arc,OC3,1.0
18,20000,0.4080344587581054,0.15340491773587717,0.11105811011468845,0.7037701344933237,permutation,arc,OC3,1.0
19,20000,0.4062173214522365,0.1501456274343846,0.11547060395575096,0.6945977538841714,permutation,arc,OC3,1.0
20,20000,0.40431105434127174,0.14711739635102744,0.11755952747206029,0.6867575474876362,permutation,arc,OC3,1.0
21,20000,0.40311982436565996,0.14436563371622696,0.12282818736398184,0.6797118431996625,permutation,arc,OC3,1.0
22,20000,0.40229407091775354,0.14177094406081606,0.12317725103143765,0.6729537626258739,permutation,arc,OC3,1.0
23,20000,0.4013637142366613,0.13925064588694772,0.12730800221375174,0.6673060752119819,permutation,arc,OC3,1.0
24,20000,0.40050245739841683,0.13677669229572254,0.13138136442002185,0.6646774849949018,permutation,arc,OC3,1.0
25,20000,0.3994255816375652,0.13447676411115053,0.13387350211414514,0.6576100985418799,permutation,arc,OC3,1.0
26,20000,0.3988944249470157,0.13245605680188102,0.13582177016849742,0.654872822436865,permutation,arc,OC3,1.0
27,20000,0.3979324068557918,0.1304369395603945,0.1400003585758708,0.6510964063426535,permutation,arc,OC3,1.0
28,20000,0.3966887283713841,0.1282700770608014,0.14137533704126215,0.644525769221092,permutation,arc,OC3,1.0
29,20000,0.3961890983919202,0.1260769633100286,0.14440936204872198,0.6392294921854957,permutation,arc,OC3,1.0
30,20000,0.39542798320508366,0.12433963085620872,0.14728372254321023,0.6350963632253768,permutation,arc,OC3,1.0
31,20000,0.3949554238925867,0.12283957531635395,0.1487818752450503,0.6315858737072308,permutation,arc,OC3,1.0
32,20000,0.3942986719710019,0.12120409726224818,0.15116094206746342,0.6266184380864634,permutation,arc,OC3,1.0
33,20000,0.3940174955710018,0.11947753259480838,0.15533405411864842,0.6248564712414479,permutation,arc,OC3,1.0
34,20000,0.3937254503133272,0.11791447383374586,0.15776131886760258,0.6203466195459703,permutation,arc,OC3,1.0
35,20000,0.39311602386850775,0.11659329437401576,0.15856647249780767,0.6144846000588321,permutation,arc,OC3,1.0
36,20000,0.392746128387733,0.11507495798617334,0.16051826220946525,0.6109295962133443,permutation,arc,OC3,1.0
37,20000,0.3924926144886034,0.11339141280779422,0.16447153546621826,0.6085075975296552,permutation,arc,OC3,1.0
1,20000,1.0,7.322606822728819e-17,0.9999999999999999,1.0000000000000002,permutation,arc,35,1.0
2,20000,0.7118438007211156,0.3017142772462754,0.04478461999182806,1.0,permutation,arc,35,1.0
3,20000,0.6276000314654899,0.2601522665825415,0.15407954583291955,0.9949592768236414,permutation,arc,35,1.0
4,20000,0.5787058513125098,0.24583053378724506,0.1135817206409132,0.9894199733437421,permutation,arc,35,1.0
5,20000,0.5480130073796444,0.23154954121005558,0.11763225141004682,0.9711986517323548,permutation,arc,35,1.0
6,20000,0.5291777764221278,0.21998968446043402,0.11153683127943623,0.9426967016276084,permutation,arc,35,1.0
7,20000,0.5152872022480801,0.2100624005577362,0.11282297517725716,0.9117185893070826,permutation,arc,35,1.0
8,20000,0.5043139799621158,0.20118233876425987,0.11702747864541997,0.886714440233084,permutation,arc,35,1.0
9,20000,0.49719879785610727,0.19297980866473255,0.12459687217849248,0.8605753746617142,permutation,arc,35,1.0
10,20000,0.4908925914450321,0.18595647160659923,0.13175521294096093,0.8429019606049549,permutation,arc,35,1.0
11,20000,0.48528406066080515,0.18033882921428893,0.13224883247248215,0.8294151455836398,permutation,arc,35,1.0
12,20000,0.48139022463671816,0.17508694252545223,0.13394460017052529,0.8111964629839036,permutation,arc,35,1.0
13,20000,0.47789856868063796,0.17015252437860112,0.13424275191214133,0.8000170404436691,permutation,arc,35,1.0
14,20000,0.4748839402471887,0.16553220538070593,0.14190313266352925,0.78753662707669,permutation,arc,35,1.0
15,20000,0.47254303257465546,0.16122687769202684,0.14825224649183638,0.7758084844828436,permutation,arc,35,1.0
16,20000,0.47008154128946705,0.15712302433294936,0.15186372678645083,0.7633167958625159,permutation,arc,35,1.0
17,20000,0.46838404731113625,0.15351777055996588,0.15708416925594518,0.7549972350217671,permutation,arc,35,1.0
18,20000,0.46696048049671957,0.14998793297493349,0.1591318876891505,0.7499481721545509,permutation,arc,35,1.0
19,20000,0.4656120800816532,0.1461269066299803,0.16792271347924276,0.738514920868552,permutation,arc,35,1.0
20,20000,0.4639940345899287,0.1429874093439238,0.17215600791996735,0.7308851562502567,permutation,arc,35,1.0
21,20000,0.46243612926047045,0.13992734945911775,0.1767669774281817,0.7239718488097394,permutation,arc,35,1.0
22,20000,0.4613826366359961,0.13730399528519588,0.1809459567947118,0.7185994631772148,permutation,arc,35,1.0
23,20000,0.4605998361702631,0.13442703904094966,0.18581761255265608,0.7134267245845484,permutation,arc,35,1.0
24,20000,0.4595672030582774,0.13166781631969854,0.190446112839024,0.706608204109655,permutation,arc,35,1.0
25,20000,0.45868597602895195,0.12935538352360265,0.19414587380434847,0.7005338830987748,permutation,arc,35,1.0
26,20000,0.45835242535011994,0.12714770832841182,0.19938409903017348,0.696339752918347,permutation,arc,35,1.0
27,20000,0.4577693687137564,0.12495545185683189,0.2013939625585408,0.6917407603628253,permutation,arc,35,1.0
28,20000,0.4572635649561944,0.12264120974996934,0.2065514055220234,0.687512367430733,permutation,arc,35,1.0
29,20000,0.45690121809031325,0.12041705622796905,0.21260938355504103,0.6838479425683065,permutation,arc,35,1.0
30,20000,0.4563874770806982,0.11848732296952066,0.2133201517203277,0.679552451486127,permutation,arc,35,1.0
31,20000,0.45593168065388145,0.11646637056234348,0.22022820014038239,0.675128132635599,permutation,arc,35,1.0
32,20000,0.45538427287753586,0.11447772912313374,0.22287846843787806,0.6715978325271459,permutation,arc,35,1.0
33,20000,0.4549258938804048,0.11282871001406468,0.22464846173488787,0.6677314455678498,permutation,arc,35,1.0
34,20000,0.454490015007406,0.11127004800707321,0.22813229510542363,0.6640337881747413,permutation,arc,35,1.0
35,20000,0.45414155098697245,0.10960335307128263,0.23225569299080703,0.6614931921684447,permutation,arc,35,1.0
36,20000,0.4537627716528702,0.10804939440723778,0.2355661380499066,0.6574954678679312,permutation,arc,35,1.0
37,20000,0.45347233259184233,0.1064609210094078,0.23931311624610416,0.6541905349379159,permutation,arc,35,1.0
1,20000,1.0,8.306872306104498e-17,0.9999999999999999,1.0000000000000002,permutation,arc,49.1,0.0
2,20000,0.7602194865153235,0.24814173963638925,0.27096621087939937,0.9999948278026916,permutation,arc,49.1,0.0
3,20000,0.6949776921147821,0.18977216024792978,0.4187352190907912,0.9997129491964387,permutation,arc,49.1,0.0
4,20000,0.6564907067925391,0.16536804412780243,0.34493514055832597,0.9909889250781942,permutation,arc,49.1,0.0
5,20000,0.6342477282390004,0.14597767093709366,0.38121034782671187,0.9626563166690072,permutation,arc,49.1,0.0
6,20000,0.6180319571622824,0.13156287002473846,0.38317679492358203,0.923169482197923,permutation,arc,49.1,0.0
7,20000,0.606365088122427,0.1200097171895616,0.3865814010742443,0.8721203841237122,permutation,arc,49.1,0.0
8,20000,0.5972512163962259,0.11091528626321034,0.39723553843695497,0.8286363812616724,permutation,arc,49.1,0.0
9,20000,0.5904189829042638,0.10386913662485267,0.3998049479260937,0.8085059911710977,permutation,arc,49.1,0.0
10,20000,0.5848467576706858,0.09750655131364218,0.40578170896359,0.7926968842379868,permutation,arc,49.1,0.0
11,20000,0.5797135416388671,0.09270599362350798,0.40740067614354764,0.7780956602768657,permutation,arc,49.1,0.0
12,20000,0.5753372993558798,0.08756591595251245,0.4112813679015945,0.7604042982311133,permutation,arc,49.1,0.0
13,20000,0.571807390035709,0.0832565496923381,0.4165543836957652,0.746136501001992,permutation,arc,49.1,0.0
14,20000,0.569139786369862,0.07982702531857867,0.4208169943055871,0.7351569292183032,permutation,arc,49.1,0.0
15,20000,0.5664559992741757,0.07665643700655533,0.4220664243766974,0.7251045476039576,permutation,arc,49.1,0.0
16,20000,0.5640662037291552,0.07372450349956189,0.42366768039074965,0.7158571405547917,permutation,arc,49.1,0.0
17,20000,0.5617851719001999,0.07102704569763636,0.42633358707343316,0.7068069895804967,permutation,arc,49.1,0.0
18,20000,0.5598784441116427,0.06870929021492055,0.42907028081495907,0.7013108334203437,permutation,arc,49.1,0.0
19,20000,0.5577566496955757,0.06656576214065664,0.430892984278199,0.6939237766380489,permutation,arc,49.1,0.0
20,20000,0.5562407350038279,0.06458390017377592,0.4328888934882288,0.6874280087234453,permutation,arc,49.1,0.0
21,20000,0.5550222856852676,0.0627254300444635,0.4355626344777978,0.6838704022684259,permutation,arc,49.1,0.0
22,20000,0.5536114175602576,0.061168762646521935,0.437334814948852,0.6796635851595346,permutation,arc,49.1,0.0
23,20000,0.5525936525414578,0.05965641491423866,0.4390544910212914,0.6737556313000929,permutation,arc,49.1,0.0
24,20000,0.5516924875243453,0.058174238523262145,0.44000256422432804,0.669096564590809,permutation,arc,49.1,0.0
25,20000,0.55086149549828,0.05671263344500592,0.4419544772680762,0.6660714969373902,permutation,arc,49.1,0.0
26,20000,0.5501430672909804,0.05535907162683013,0.44374183215666985,0.6626167164371448,permutation,arc,49.1,0.0
27,20000,0.549158272425295,0.05429764041983844,0.44517150020150403,0.6601693442046551,permutation,arc,49.1,0.0
28,20000,0.5485519259066203,0.05329050794923891,0.44632457573676393,0.6576957612457643,permutation,arc,49.1,0.0
29,20000,0.5478292087312926,0.052117769934209426,0.4482250402598617,0.6548146634129924,permutation,arc,49.1,0.0
30,20000,0.5471888862538453,0.05102864398177156,0.44910239008637864,0.6508840084252461,permutation,arc,49.1,0.0
31,20000,0.5466808675830099,0.05002119872042975,0.45058178085360273,0.6478768827761571,permutation,arc,49.1,0.0
32,20000,0.5461089504922733,0.04910673916132768,0.4512868419958929,0.6457907580714993,permutation,arc,49.1,0.0
33,20000,0.5454627618993861,0.04833085772037128,0.4523192891066677,0.6436420559172059,permutation,arc,49.1,0.0
34,20000,0.5449350013223438,0.04756131156952758,0.45208313878457973,0.6420725048638225,permutation,arc,49.1,0.0
35,20000,0.5445140600824496,0.046765568902239485,0.4532829014650953,0.6398962957785942,permutation,arc,49.1,0.0
36,20000,0.5441869548954318,0.04600303331234552,0.45456244057025086,0.6364875220251752,permutation,arc,49.1,0.0
37,20000,0.5438329867427256,0.045351645672127225,0.4556107638762881,0.6347109994500431,permutation,arc,49.1,0.0
1,20000,1.0,7.544397100690832e-17,0.9999999999999999,1.0000000000000002,permutation,arc,49.2,0.0
2,20000,0.6531457370455737,0.3200605844464498,0.06570753374082992,0.999980487437551,permutation,arc,49.2,0.0
3,20000,0.5563950700233686,0.24813017777986032,0.1759518790759564,0.9974710756061503,permutation,arc,49.2,0.0
4,20000,0.4866622620345748,0.23272867622717405,0.06729025744986981,0.9497499999232784,permutation,arc,49.2,0.0
5,20000,0.44591982498092975,0.20922483137079642,0.09695129361901486,0.8842796283938663,permutation,arc,49.2,0.0
6,20000,0.4154263026863625,0.19465590287440127,0.0778303071844188,0.8221923045975571,permutation,arc,49.2,0.0
7,20000,0.3920202861385979,0.1815257592168298,0.08032504816312862,0.7646781114785153,permutation,arc,49.2,0.0
8,20000,0.37425286449797357,0.17005178251214403,0.07662096419478756,0.724248676107313,permutation,arc,49.2,0.0
9,20000,0.3602737888813338,0.16139712297509462,0.0754679616857356,0.6890210814846651,permutation,arc,49.2,0.0
10,20000,0.34765493036305434,0.1532647819636568,0.07791402104782048,0.6624801348827387,permutation,arc,49.2,0.0
11,20000,0.3372706182995656,0.1471761495863104,0.07586569183935793,0.6384392532464898,permutation,arc,49.2,0.0
12,20000,0.32843370955360834,0.1413702037487425,0.07567846155857487,0.6191340668888794,permutation,arc,49.2,0.0
13,20000,0.32115311321795337,0.13566743549719107,0.07492946163621815,0.5969647566644339,permutation,arc,49.2,0.0
14,20000,0.31481966479353596,0.13131308581150858,0.07771339488002432,0.5832668229641821,permutation,arc,49.2,0.0
15,20000,0.30911215377078816,0.127524383718181,0.07819459154205279,0.5693585030117855,permutation,arc,49.2,0.0
16,20000,0.3037462012252187,0.1241253531010265,0.07836614345982884,0.5555225260876155,permutation,arc,49.2,0.0
17,20000,0.2995708434977797,0.12060282712544998,0.07908667707238477,0.5449233934805153,permutation,arc,49.2,0.0
18,20000,0.2956359646601028,0.1174379419882941,0.07750293567530597,0.5339576700235329,permutation,arc,49.2,0.0
19,20000,0.29222165004922324,0.11449584731025264,0.0812676438058902,0.5237471155738426,permutation,arc,49.2,0.0
20,20000,0.28918923217383635,0.11183267572224133,0.08192342784339236,0.5144157813766178,permutation,arc,49.2,0.0
21,20000,0.28609029974639827,0.10948876840308264,0.08159639610500626,0.5086265661697048,permutation,arc,49.2,0.0
22,20000,0.28377344348286176,0.10734042431871653,0.08509007103850058,0.5011108591691172,permutation,arc,49.2,0.0
23,20000,0.28102708959023803,0.10526126753474266,0.08344690380888012,0.4941162379682072,permutation,arc,49.2,0.0
24,20000,0.27879647746211134,0.10324381030194998,0.0850011858981513,0.48820933170047626,permutation,arc,49.2,0.0
25,20000,0.2768557906425072,0.10108985429245014,0.08746113304741251,0.48052553040725676,permutation,arc,49.2,0.0
26,20000,0.2749015124432075,0.09923163812130723,0.08663472419698459,0.47221746861051217,permutation,arc,49.2,0.0
27,20000,0.2731348081997227,0.09743138466100391,0.08935500090037962,0.4679536886206677,permutation,arc,49.2,0.0
28,20000,0.2714893604289773,0.09555780014901577,0.08931147249840755,0.4631017384621319,permutation,arc,49.2,0.0
29,20000,0.2699380862328459,0.09386682465030172,0.09118039200599372,0.4583097370702553,permutation,arc,49.2,0.0
30,20000,0.26839891141385536,0.0922888065642297,0.09247078002162591,0.45438684581423944,permutation,arc,49.2,0.0
31,20000,0.26714263134416394,0.09087283591575025,0.09471575098362014,0.451416000140462,permutation,arc,49.2,0.0
32,20000,0.26590353779513914,0.08942370835166419,0.09735489367807196,0.44737280878918556,permutation,arc,49.2,0.0
33,20000,0.26451023555855546,0.08805758882372941,0.09838121623278073,0.441595084984887,permutation,arc,49.2,0.0
34,20000,0.2632971969562166,0.08660777820964224,0.09924881161351905,0.4366722578118068,permutation,arc,49.2,0.0
35,20000,0.2621982985390337,0.08572614794892605,0.0994762441919627,0.43291995009918377,permutation,arc,49.2,0.0
36,20000,0.2613414069903723,0.08460081978824675,0.10075299061927027,0.43217855184369414,permutation,arc,49.2,0.0
37,20000,0.2602025750366679,0.08344341545028404,0.10096821276713537,0.42667635561991885,permutation,arc,49.2,0.0
1,20000,1.0,8.29684993490285e-17,0.9999999999999999,1.0000000000000002,permutation,arc,49.2,1.0
2,20000,0.8044675402210245,0.2749201324396111,0.08071834636803758,0.9999858695862176,permutation,arc,49.2,1.0
3,20000,0.7519944238366526,0.2540926062004641,0.23573541458557207,0.9993160423755912,permutation,arc,49.2,1.0
4,20000,0.7259126475909359,0.2417379368540035,0.18536076685683447,0.9968671825209069,permutation,arc,49.2,1.0
5,20000,0.7107650942749375,0.2272115373481301,0.2121986528462501,0.9943494767778654,permutation,arc,49.2,1.0
6,20000,0.7002194831302839,0.215437479094232,0.22600202732589128,0.99191832456605,permutation,arc,49.2,1.0
7,20000,0.6944725073533163,0.2039410200753862,0.2394512193962639,0.9887321734074868,permutation,arc,49.2,1.0
8,20000,0.6896319985625019,0.1944528081716893,0.26295181317622596,0.9844711068022146,permutation,arc,49.2,1.0
9,20000,0.6871449088359137,0.18528900052189975,0.27916611666744956,0.9802055338755521,permutation,arc,49.2,1.0
10,20000,0.684790358056561,0.1765707057962366,0.29846169016268176,0.9737897246305396,permutation,arc,49.2,1.0
11,20000,0.6835479708148261,0.16902010406015044,0.3135707406923582,0.9664292143204658,permutation,arc,49.2,1.0
12,20000,0.6823431181878832,0.16227108232706688,0.3335527924084862,0.9588591374791128,permutation,arc,49.2,1.0
13,20000,0.6812497643325982,0.1562560544307056,0.3455412968035238,0.9509915463220733,permutation,arc,49.2,1.0
14,20000,0.6800748336642984,0.15111449366113835,0.35204033502033377,0.9409487443995453,permutation,arc,49.2,1.0
15,20000,0.6791298537904078,0.14628967444974683,0.364222022769679,0.9341772807867057,permutation,arc,49.2,1.0
16,20000,0.6785001835792275,0.14155911263305132,0.37503208459416926,0.9258152933679119,permutation,arc,49.2,1.0
17,20000,0.6780378704351194,0.1377166067930331,0.3844925902380043,0.9198501240925102,permutation,arc,49.2,1.0
18,20000,0.677252668266318,0.1337279051109435,0.3894914987939131,0.9115855125514889,permutation,arc,49.2,1.0
19,20000,0.6769057184524303,0.13033994281434194,0.3961488148959215,0.9061100407406909,permutation,arc,49.2,1.0
20,20000,0.6765830429884894,0.127049229685984,0.401793577297308,0.9000243216820957,permutation,arc,49.2,1.0
21,20000,0.6763075390633446,0.12408016078444324,0.4113795356275191,0.8960094146079741,permutation,arc,49.2,1.0
22,20000,0.6759556031441406,0.12146941918552147,0.4176849883426707,0.8905731467537237,permutation,arc,49.2,1.0
23,20000,0.6757633297584743,0.11884370373371932,0.4221674264104453,0.8859225952931354,permutation,arc,49.2,1.0
24,20000,0.6754382462966257,0.11648881002976708,0.4275733700309841,0.8831802630742001,permutation,arc,49.2,1.0
25,20000,0.6754390187774559,0.11406578570025375,0.43268529597149447,0.8789126982783232,permutation,arc,49.2,1.0
26,20000,0.6750560734579168,0.1119806178970629,0.4365556551586631,0.8755749654459795,permutation,arc,49.2,1.0
27,20000,0.6748548162162071,0.10983281767473027,0.442223317004874,0.8723246898476651,permutation,arc,49.2,1.0
28,20000,0.6746789873314454,0.10786307058389541,0.44886545330476424,0.8688799681618852,permutation,arc,49.2,1.0
29,20000,0.6743542123960677,0.10609239812787745,0.4532660347633433,0.8647639929029554,permutation,arc,49.2,1.0
30,20000,0.6741386731037752,0.10431702186851105,0.4552521477798008,0.8625635262634658,permutation,arc,49.2,1.0
31,20000,0.674032154866912,0.10240055865293037,0.45851477875684576,0.8589869103233483,permutation,arc,49.2,1.0
32,20000,0.6740529733126323,0.10097630416998178,0.4618958440278667,0.8563481859841504,permutation,arc,49.2,1.0
33,20000,0.6737798853266624,0.0993045039071083,0.4663229143240278,0.8530696525954959,permutation,arc,49.2,1.0
34,20000,0.6736182871997803,0.09785491295605954,0.47045410535968435,0.8503692752400813,permutation,arc,49.2,1.0
35,20000,0.6735538915383988,0.09652607234350198,0.47269746306792615,0.849736879887198,permutation,arc,49.2,1.0
36,20000,0.6734438795502461,0.09532927530907132,0.47618459839729055,0.8479719029931497,permutation,arc,49.2,1.0
37,20000,0.673206573083627,0.09416798244276002,0.4773961945761699,0.8456522917331316,permutation,arc,49.2,1.0
1,20000,1.0,8.591719985147218e-17,0.9999999999999999,1.0000000000000002,permutation,arc,62,0.0
2,20000,0.669595387981508,0.3188784057336811,0.046345620877214916,0.9999863238244392,permutation,arc,62,0.0
3,20000,0.5727702624685944,0.26364762659200414,0.12778965396708833,0.9992875259041587,permutation,arc,62,0.0
4,20000,0.5105920747071595,0.2480937471998718,0.08414494156593182,0.9949327126027169,permutation,arc,62,0.0
5,20000,0.47207912639786553,0.23062315571322275,0.09030326308571567,0.9772079120186035,permutation,arc,62,0.0
6,20000,0.4429826969320135,0.21969261722285638,0.08238130515109209,0.9419268371491255,permutation,arc,62,0.0
7,20000,0.42288512172200754,0.20980420839992558,0.07549226883871353,0.8752478718163845,permutation,arc,62,0.0
8,20000,0.40706459002920814,0.2015461255180481,0.07740798524308731,0.8332182732035313,permutation,arc,62,0.0
9,20000,0.3945793351555483,0.194732556629044,0.07177480229410586,0.8055837874385309,permutation,arc,62,0.0
10,20000,0.3846497839704008,0.18855922459508262,0.07338697352799642,0.7879107790231791,permutation,arc,62,0.0
11,20000,0.3760911973140036,0.18253474016570714,0.07003320536205371,0.7603787095515727,permutation,arc,62,0.0
12,20000,0.3698335947242122,0.17797902292817241,0.06901973191569008,0.7431791545413822,permutation,arc,62,0.0
13,20000,0.3642354928593201,0.17356805568766656,0.06854786749267743,0.7257639610740885,permutation,arc,62,0.0
14,20000,0.359570751228555,0.16967814152340643,0.06915655812009663,0.7106076457925813,permutation,arc,62,0.0
15,20000,0.35499971602760144,0.16610807404833708,0.06876583360747611,0.6969981678259256,permutation,arc,62,0.0
16,20000,0.3512819648058594,0.16277910035766385,0.06788701366341619,0.6842612081600757,permutation,arc,62,0.0
17,20000,0.3473934817687735,0.1592652705577276,0.07088242326463856,0.6709012046454501,permutation,arc,62,0.0
18,20000,0.3444961750173379,0.15627447210939802,0.07000365195732267,0.663101978683111,permutation,arc,62,0.0
19,20000,0.3420033120017721,0.1532319553076741,0.073420107226419,0.6552758992538128,permutation,arc,62,0.0
20,20000,0.3396726229975399,0.15045093944222848,0.06984968429304106,0.6445593209451466,permutation,arc,62,0.0
21,20000,0.3376048599765621,0.14820800027990996,0.07112049971753896,0.6359492018506979,permutation,arc,62,0.0
22,20000,0.3360269459246234,0.14571838870432827,0.07020589292884673,0.6293721298664469,permutation,arc,62,0.0
23,20000,0.33454947706944516,0.14320598390738531,0.07441376547024146,0.6214779601147545,permutation,arc,62,0.0
24,20000,0.33316804605383327,0.1409739599938784,0.0742451194524353,0.6118170915537727,permutation,arc,62,0.0
25,20000,0.33164956495311987,0.13895347946676642,0.07630036053722804,0.6093700607360677,permutation,arc,62,0.0
26,20000,0.33058036512452793,0.13684163123884063,0.07723265347483602,0.6010431361309908,permutation,arc,62,0.0
27,20000,0.32932739298398367,0.13464984521770354,0.07941488533056716,0.5983217882355345,permutation,arc,62,0.0
28,20000,0.3280506703743961,0.13279131114711207,0.08258518949917266,0.5929399590548969,permutation,arc,62,0.0
29,20000,0.32710950050665294,0.13093949641513053,0.08303669108193357,0.5864272533067206,permutation,arc,62,0.0
30,20000,0.32637438181332845,0.1293910624404503,0.0844869096397233,0.5857089744557418,permutation,arc,62,0.0
31,20000,0.32539387758099275,0.12775885357347766,0.08693988808380833,0.5804974236758597,permutation,arc,62,0.0
32,20000,0.324758556725611,0.12636721704650833,0.0871674613310047,0.5778795090449534,permutation,arc,62,0.0
33,20000,0.32397512298245756,0.12497752463928813,0.08795759136277959,0.5721562684137599,permutation,arc,62,0.0
34,20000,0.32325895743300165,0.12321490496908714,0.08957422412396436,0.5702068336005052,permutation,arc,62,0.0
35,20000,0.3225753872080297,0.12187455188558156,0.09288637346565086,0.5658942545784462,permutation,arc,62,0.0
36,20000,0.3219647202723978,0.12054462623269721,0.09491692170371117,0.5626416722319598,permutation,arc,62,0.0
37,20000,0.3211429335031035,0.11942595260506052,0.09569330554579572,0.5580963287594909,permutation,arc,62,0.0
1,20000,1.0,8.459426124993044e-17,0.9999999999999999,1.0000000000000002,permutation,arc,67,0.0
2,20000,0.7079371987847528,0.3195458260770902,0.04610965336661949,0.9999797704719773,permutation,arc,67,0.0
3,20000,0.6318154495751033,0.2698943891310148,0.17846838250198402,0.9988469659872987,permutation,arc,67,0.0
4,20000,0.5796160923022227,0.25981565989055566,0.08675533295566543,0.9891639715010209,permutation,arc,67,0.0
5,20000,0.5513049207132548,0.24249625585600118,0.12625063849028345,0.9837129777187971,permutation,arc,67,0.0
6,20000,0.5326529328769304,0.23251300343042047,0.10429334402710165,0.975072740921715,permutation,arc,67,0.0
7,20000,0.5191363351196394,0.2226731663430906,0.10932354748771886,0.9569021577507761,permutation,arc,67,0.0
8,20000,0.5086440565877081,0.21344791229543875,0.10881371363407691,0.9281771711490467,permutation,arc,67,0.0
9,20000,0.5005732145598671,0.2054110230402709,0.11273551333592503,0.8953417951694521,permutation,arc,67,0.0
10,20000,0.4942942773614259,0.19744844395876163,0.11870610890520471,0.875275276415156,permutation,arc,67,0.0
11,20000,0.48968753412702665,0.19173525331793062,0.12229149660985432,0.8521590503983795,permutation,arc,67,0.0
12,20000,0.4855624256251176,0.18578109715525454,0.12639086304434266,0.8361751892541945,permutation,arc,67,0.0
13,20000,0.4820390981269029,0.1811501537679776,0.12868427387160328,0.8241332566573065,permutation,arc,67,0.0
14,20000,0.4802047088797899,0.17596239284134768,0.1353896979678154,0.8141423036375333,permutation,arc,67,0.0
15,20000,0.478388827115027,0.17173652934102854,0.13965003273634571,0.8038276756135656,permutation,arc,67,0.0
16,20000,0.475994102801366,0.1673518192098001,0.14573095355748672,0.7968385695532146,permutation,arc,67,0.0
17,20000,0.4742837280908776,0.16323875101625174,0.14969782706023038,0.7852926197665523,permutation,arc,67,0.0
18,20000,0.4721817391298645,0.15958500774311818,0.15156099709038617,0.7775321038845747,permutation,arc,67,0.0
19,20000,0.4710107931409669,0.15618954532317997,0.1553659910492518,0.7693065756729515,permutation,arc,67,0.0
20,20000,0.4699764908549161,0.15314399214731184,0.16285883378675506,0.759715602228155,permutation,arc,67,0.0
21,20000,0.46918890865617124,0.1501641379816261,0.1677035107215949,0.7544054951295943,permutation,arc,67,0.0
22,20000,0.46841200705926894,0.14708056554564106,0.17185461540223482,0.7468012020790734,permutation,arc,67,0.0
23,20000,0.46768942482332876,0.14471042341162402,0.17768070034560451,0.7409686031237951,permutation,arc,67,0.0
24,20000,0.4667462494062631,0.1422021707584895,0.18145450354097922,0.7328955851948294,permutation,arc,67,0.0
25,20000,0.4660864903394586,0.13956871021988312,0.1857355108890287,0.72577375321656,permutation,arc,67,0.0
26,20000,0.4656607199812894,0.13706931916769946,0.19125154401076086,0.7237428015809569,permutation,arc,67,0.0
27,20000,0.4651070903370084,0.13455246780971614,0.19378607076776927,0.7172415672533025,permutation,arc,67,0.0
28,20000,0.46477024119941124,0.13259901567428964,0.19817500511803648,0.7122799315871713,permutation,arc,67,0.0
29,20000,0.4640319274915313,0.13013953586033467,0.2003289565927966,0.707619104984612,permutation,arc,67,0.0
30,20000,0.4634806955567418,0.12833351367543203,0.20511041642420866,0.7040984994945656,permutation,arc,67,0.0
31,20000,0.4628634227041207,0.12627729211884722,0.20895431700248523,0.7008217957292265,permutation,arc,67,0.0
32,20000,0.4625596135413015,0.12420481265003074,0.21087086748420225,0.6948508083405129,permutation,arc,67,0.0
33,20000,0.46237398312356365,0.12247084540420493,0.21388464144180222,0.6931411901270409,permutation,arc,67,0.0
34,20000,0.4623752770229089,0.12077904861217398,0.21606591012953857,0.6906737351778678,permutation,arc,67,0.0
35,20000,0.462086179782419,0.11920712972940668,0.22112857600518446,0.6846724706083428,permutation,arc,67,0.0
36,20000,0.46169225475960085,0.1174724318124524,0.2260437284762524,0.6827791921831007,permutation,arc,67,0.0
37,20000,0.4614086856148897,0.11599727974185206,0.22934546107074122,0.680305796331921,permutation,arc,67,0.0
1,20000,1.0,8.112811454054666e-17,0.9999999999999999,1.0000000000000002,permutation,arc,67,1.0
2,20000,0.7078768448669123,0.3093491631404311,0.057894086432993014,0.9999923283706992,permutation,arc,67,1.0
3,20000,0.6238003782701314,0.2656880331594437,0.16525588649556172,0.9992925978643709,permutation,arc,67,1.0
4,20000,0.5730040980382209,0.25412546815701736,0.09650384850934768,0.9955605492667657,permutation,arc,67,1.0
5,20000,0.5434786611823481,0.2389344312575948,0.11723861730428084,0.9928337719819273,permutation,arc,67,1.0
6,20000,0.5235676390702645,0.22722089268480325,0.10747337766211255,0.976009254480237,permutation,arc,67,1.0
7,20000,0.5105496099590184,0.21774944797079987,0.1096403689470309,0.93875936460525,permutation,arc,67,1.0
8,20000,0.4995629412247432,0.20947364292954884,0.11064709937843671,0.90702975369613,permutation,arc,67,1.0
9,20000,0.4911296524617228,0.20290499599195091,0.11416402684712776,0.8880129851966314,permutation,arc,67,1.0
10,20000,0.4853752586496782,0.19644516655164812,0.11552047028081947,0.8627717422335851,permutation,arc,67,1.0
11,20000,0.4795212580703852,0.1896250699177826,0.11780289709316749,0.842942296077582,permutation,arc,67,1.0
12,20000,0.47526576169912876,0.1842184910850091,0.12140234141500099,0.8302704986930745,permutation,arc,67,1.0
13,20000,0.4717541754383579,0.17899006919970623,0.12479420460434287,0.8152112050849357,permutation,arc,67,1.0
14,20000,0.4692162882173897,0.17391134218559684,0.12803298439121005,0.8024716687146775,permutation,arc,67,1.0
15,20000,0.46669836523738095,0.16994777035226383,0.13201319755455665,0.791378790426558,permutation,arc,67,1.0
16,20000,0.4641470293369512,0.16552697105716344,0.13875357807022531,0.7782447680240878,permutation,arc,67,1.0
17,20000,0.4622612084246085,0.16178221817753913,0.14466602713851082,0.7719098386264845,permutation,arc,67,1.0
18,20000,0.46077677747076323,0.1579047519657562,0.14913132502669346,0.7609045883413791,permutation,arc,67,1.0
19,20000,0.45928179938845703,0.15423699431149135,0.1560159899149009,0.7546782021753476,permutation,arc,67,1.0
20,20000,0.45769414204560427,0.1512039863025903,0.155803086323673,0.7473139717647179,permutation,arc,67,1.0
21,20000,0.4562587748055879,0.1480641556495831,0.15992662489156234,0.7387296920837606,permutation,arc,67,1.0
22,20000,0.45541255959275984,0.1452062459210018,0.16269576075927414,0.7327020047924042,permutation,arc,67,1.0
23,20000,0.4542725025504095,0.14266171504559189,0.16872142690645556,0.7265816996398506,permutation,arc,67,1.0
24,20000,0.4538038367428362,0.14010414906899735,0.17409981529861865,0.7211722208634698,permutation,arc,67,1.0
25,20000,0.45274453327452746,0.13777226368597975,0.1788280867900141,0.7157575558581865,permutation,arc,67,1.0
26,20000,0.4522498093160165,0.1354704927896381,0.1817802463953159,0.7111539866507399,permutation,arc,67,1.0
27,20000,0.45154491021086635,0.13327830901250134,0.18625789549718,0.7048250128286312,permutation,arc,67,1.0
28,20000,0.45097041433766005,0.1311201211813599,0.18735962784928664,0.70170711313111,permutation,arc,67,1.0
29,20000,0.45069219368506164,0.12898338036638576,0.1939745660855252,0.6989023770012125,permutation,arc,67,1.0
30,20000,0.4505337327907149,0.12724067107690062,0.1963121924582206,0.6954241124106718,permutation,arc,67,1.0
31,20000,0.45040874358902955,0.1251506147680352,0.20145283620984128,0.6910528163190747,permutation,arc,67,1.0
32,20000,0.44991775602671896,0.12345524804964084,0.20528957300795353,0.6876141611764037,permutation,arc,67,1.0
33,20000,0.44956262260448504,0.12190760770178942,0.20762090980758377,0.6850727865438634,permutation,arc,67,1.0
34,20000,0.4495462178746978,0.12023259602945385,0.2118348007547539,0.6814981446862887,permutation,arc,67,1.0
35,20000,0.4493033047258582,0.11854759607050958,0.21490153654298916,0.6778661759890818,permutation,arc,67,1.0
36,20000,0.4490362541885629,0.11680359814242804,0.21798211357872485,0.6729733494315231,permutation,arc,67,1.0
37,20000,0.4487414015953867,0.11543462135260249,0.22070363458461423,0.6703814305001561,permutation,arc,67,1.0
1,20000,1.0,8.385885181838642e-17,0.9999999999999999,1.0000000000000002,permutation,arc,49.1,1.0
2,20000,0.6555550672013815,0.3390468161371366,0.028449259779993432,0.9999370440299045,permutation,arc,49.1,1.0
3,20000,0.5699642235842786,0.2650279016920799,0.16584453986120573,0.9979434852021583,permutation,arc,49.1,1.0
4,20000,0.5062075029081009,0.25711323413539167,0.058335265985178866,0.99239592991897,permutation,arc,49.1,1.0
5,20000,0.4715288774649095,0.23683851183734544,0.09898710871908463,0.9724811614909852,permutation,arc,49.1,1.0
6,20000,0.441833925761353,0.22681533242142096,0.0660758504487127,0.9432502739597709,permutation,arc,49.1,1.0
7,20000,0.4226736817944314,0.21647939240113584,0.07741128279874457,0.8982330969459409,permutation,arc,49.1,1.0
8,20000,0.4075609104360731,0.20728330113502466,0.07099807002397007,0.8506012282674703,permutation,arc,49.1,1.0
9,20000,0.39629200881189436,0.1992666865789302,0.07445645701314463,0.8182612328919908,permutation,arc,49.1,1.0
10,20000,0.3867003998566352,0.19370917386195777,0.06993377677027392,0.7900646780996714,permutation,arc,49.1,1.0
11,20000,0.3778629736536428,0.1877204212691691,0.07132844391708451,0.7750824642446775,permutation,arc,49.1,1.0
12,20000,0.37101258798481274,0.18280934835052554,0.06574812750362263,0.7565534135936678,permutation,arc,49.1,1.0
13,20000,0.3651436370032277,0.17814492680315588,0.06955251003116975,0.7396523708064805,permutation,arc,49.1,1.0
14,20000,0.36016642283088757,0.17410277148250936,0.07062380642044931,0.7226785709633509,permutation,arc,49.1,1.0
15,20000,0.3556419085401973,0.17042444438667934,0.06829824034371218,0.7072730874986609,permutation,arc,49.1,1.0
16,20000,0.3520353155578876,0.1675868366198948,0.06786071335880875,0.6985440904704207,permutation,arc,49.1,1.0
17,20000,0.3489228064243464,0.16423289051644663,0.06653574952774798,0.685640162793288,permutation,arc,49.1,1.0
18,20000,0.3461507502095297,0.1611144867226718,0.06745413184517501,0.6754136326008059,permutation,arc,49.1,1.0
19,20000,0.3435928736732516,0.15780342525939137,0.06963718289606234,0.6650605714139501,permutation,arc,49.1,1.0
20,20000,0.3414652680099922,0.1550610807225179,0.07113392875253569,0.6569446445954475,permutation,arc,49.1,1.0
21,20000,0.33949736410190395,0.15286684923178376,0.06887379385750005,0.6493177552985907,permutation,arc,49.1,1.0
22,20000,0.33767331365034103,0.15045522090955854,0.06849560575094112,0.639887934091042,permutation,arc,49.1,1.0
23,20000,0.3357645462845283,0.14789296350187878,0.07000438203530236,0.634653796945925,permutation,arc,49.1,1.0
24,20000,0.33432067116411723,0.14528326402189326,0.07308064425189104,0.6250306043313919,permutation,arc,49.1,1.0
25,20000,0.33273701488760987,0.14333536393454918,0.07236556459872998,0.6202685755387739,permutation,arc,49.1,1.0
26,20000,0.33149712178679286,0.14150862864563918,0.07303410171917221,0.6141177919237183,permutation,arc,49.1,1.0
27,20000,0.3301455663586273,0.1395401797410041,0.0756879193266538,0.6105026640612188,permutation,arc,49.1,1.0
28,20000,0.32914906573128944,0.13759770335769472,0.07742384106687336,0.6050424389358082,permutation,arc,49.1,1.0
29,20000,0.3282094357576777,0.1358229770651643,0.07801800214545745,0.6021030703801933,permutation,arc,49.1,1.0
30,20000,0.32755915703710964,0.1341761050225679,0.07805659340801506,0.5980820547729072,permutation,arc,49.1,1.0
31,20000,0.32684780738309394,0.13224255208500316,0.08124308371905094,0.5926965553736939,permutation,arc,49.1,1.0
32,20000,0.3264981748724801,0.1308295989375382,0.08077996402004983,0.5888327898515615,permutation,arc,49.1,1.0
33,20000,0.3260093189087822,0.1292929181613651,0.08355628026851167,0.58448236761237,permutation,arc,49.1,1.0
34,20000,0.325246063840186,0.12786522107982237,0.0841602780972432,0.5819282690568034,permutation,arc,49.1,1.0
35,20000,0.32467824826485336,0.12627350325566591,0.08852595418360493,0.5751980937713495,permutation,arc,49.1,1.0
36,20000,0.32406538527437934,0.12473277064095825,0.08952635834272783,0.5712379740221364,permutation,arc,49.1,1.0
37,20000,0.32358476000739494,0.12327361642650767,0.08899944463987007,0.5667411800166463,permutation,arc,49.1,1.0
1,20000,1.0,9.128057636209241e-17,0.9999999999999999,1.0000000000000002,permutation,arc,33,1.0
2,20000,0.720561490832511,0.30034014392608005,0.05908918503492417,0.9999950098581256,permutation,arc,33,1.0
3,20000,0.6418501749917243,0.26394220012869857,0.15808616131134348,0.9965502969537015,permutation,arc,33,1.0
4,20000,0.5963128925316472,0.25095903008631076,0.11598220808329437,0.9913978149124351,permutation,arc,33,1.0
5,20000,0.5722675326990849,0.23535238036960035,0.13197579279782223,0.9838111848662222,permutation,arc,33,1.0
6,20000,0.5543249595807417,0.22482535369888662,0.12621027474179172,0.9698337707972868,permutation,arc,33,1.0
7,20000,0.5418479670308453,0.2142726439082453,0.13023651125399807,0.9538496561591793,permutation,arc,33,1.0
8,20000,0.5332919647223118,0.20602473936542645,0.1335452809679171,0.929137360451768,permutation,arc,33,1.0
9,20000,0.5269026707835944,0.19777800371964074,0.1406093186254062,0.9007700169136433,permutation,arc,33,1.0
10,20000,0.5220385629010177,0.1914299773975063,0.1434810861809234,0.8810796920652116,permutation,arc,33,1.0
11,20000,0.5176739661799864,0.1848175131389734,0.14736626364990382,0.860148591071493,permutation,arc,33,1.0
12,20000,0.5139640463141388,0.17885656422355656,0.15543036004851055,0.8447835912504074,permutation,arc,33,1.0
13,20000,0.5106565613269229,0.17391864106579782,0.15942475911857248,0.8327196184590848,permutation,arc,33,1.0
14,20000,0.5073912208038956,0.1688757280750637,0.16572847781124714,0.8225636682544982,permutation,arc,33,1.0
15,20000,0.5049270613900124,0.16411662892011136,0.17397981301401827,0.8130189488824564,permutation,arc,33,1.0
16,20000,0.5028510656940908,0.16024318338942642,0.17985424358141103,0.8006412109995722,permutation,arc,33,1.0
17,20000,0.5012237109190102,0.15675016825217478,0.18215342173790705,0.7928732052946147,permutation,arc,33,1.0
18,20000,0.50006140223268,0.1530447292474852,0.18734027502914635,0.7870790580957583,permutation,arc,33,1.0
19,20000,0.49867094903552905,0.14922338019119627,0.19697934541703035,0.7766457328715615,permutation,arc,33,1.0
20,20000,0.4977663412966605,0.14583682119023317,0.20072639242382323,0.7689912565974126,permutation,arc,33,1.0
21,20000,0.4968984379790281,0.14300722618310685,0.20508623756751893,0.7637525760043202,permutation,arc,33,1.0
22,20000,0.4957784666674912,0.13984203106568177,0.21305262382099516,0.7563580502643894,permutation,arc,33,1.0
23,20000,0.49473449755813015,0.13688234809151104,0.21675204990218966,0.752027830545434,permutation,arc,33,1.0
24,20000,0.4938089173142518,0.13418631963963568,0.22165073060143184,0.7447810610176483,permutation,arc,33,1.0
25,20000,0.49293611399060766,0.13158372587487055,0.22536208029335295,0.7387371449151968,permutation,arc,33,1.0
26,20000,0.492879529799196,0.12901626309581574,0.23069802356280533,0.7328314229894397,permutation,arc,33,1.0
27,20000,0.4929123223057227,0.12654944932765202,0.2338868912497671,0.7293749385812442,permutation,arc,33,1.0
28,20000,0.4924298208539118,0.1242717896141068,0.2373596624433303,0.7246754742999543,permutation,arc,33,1.0
29,20000,0.4919979071577236,0.12239212505806162,0.2438149207649747,0.7212037807162699,permutation,arc,33,1.0
30,20000,0.4916374379671448,0.12036750205457561,0.2466494080628482,0.7160079364656895,permutation,arc,33,1.0
31,20000,0.49112077238491386,0.1183914258702666,0.25197771567064486,0.7123513479393768,permutation,arc,33,1.0
32,20000,0.49081316371663924,0.11665347007145696,0.2522704557723834,0.7099696921641349,permutation,arc,33,1.0
33,20000,0.49037254899349264,0.11490668228867071,0.2555810265549742,0.7062283896120808,permutation,arc,33,1.0
34,20000,0.490216930813107,0.11329798609826079,0.25849333775632566,0.702684918841072,permutation,arc,33,1.0
35,20000,0.4901632994178686,0.11151912476009433,0.2638818955515135,0.6999832390866587,permutation,arc,33,1.0
36,20000,0.4900637270066589,0.10973488316671969,0.26491526785089364,0.6948397295897499,permutation,arc,33,1.0
37,20000,0.4896976989415974,0.10820895087710526,0.2684456038974565,0.6934816090627189,permutation,arc,33,1.0
1,20000,1.0,6.089702763287947e-17,0.9999999999999999,1.0,permutation,arc,44,1.0
2,20000,0.7209875851477725,0.30681872797543286,0.06713023409569203,0.9999999999999999,permutation,arc,44,1.0
3,20000,0.6412502677826456,0.26537148021615564,0.16370734426131758,0.9993266582086926,permutation,arc,44,1.0
4,20000,0.5898278301228198,0.25484113116932905,0.10782353920154111,0.9976229109416855,permutation,arc,44,1.0
5,20000,0.5636379239389173,0.23942803924733413,0.12659745386034124,0.9944864751905056,permutation,arc,44,1.0
6,20000,0.5454789108289398,0.2286094524245939,0.12049303142127453,0.9745646234079685,permutation,arc,44,1.0
7,20000,0.5324537980609512,0.21859948301774745,0.12436850487350128,0.9534476719019885,permutation,arc,44,1.0
8,20000,0.5223009839286926,0.2094313919559733,0.12610415471309885,0.9332129630673256,permutation,arc,44,1.0
9,20000,0.5154170041201727,0.2020620699649567,0.1289495435313901,0.9117361370552759,permutation,arc,44,1.0
10,20000,0.5103722073669616,0.19575067795753395,0.130334344609402,0.8858316649595834,permutation,arc,44,1.0
11,20000,0.506757173921688,0.1889297433063739,0.13492614757613938,0.8641593239910194,permutation,arc,44,1.0
12,20000,0.5028564915572825,0.1829278634723303,0.14140604371797827,0.8455760155765724,permutation,arc,44,1.0
13,20000,0.49993313536823536,0.17762499468367643,0.1510360732978894,0.8353395158432313,permutation,arc,44,1.0
14,20000,0.498117473708088,0.17287807896429558,0.15416873490518018,0.8277508127704645,permutation,arc,44,1.0
15,20000,0.4962073098489527,0.16835788088007053,0.16252741486845057,0.8129146268583818,permutation,arc,44,1.0
16,20000,0.4946095931601356,0.16413078477778334,0.16879997187684975,0.8048873019210856,permutation,arc,44,1.0
17,20000,0.4928758831582027,0.16021745282123645,0.17097147911128713,0.7937191026025733,permutation,arc,44,1.0
18,20000,0.4910025408308672,0.1560961576331812,0.17978334647968153,0.7844254668099934,permutation,arc,44,1.0
19,20000,0.48997562860770505,0.15246002874337355,0.18372856438531665,0.7780638629082008,permutation,arc,44,1.0
20,20000,0.4888384505429925,0.14906305570498707,0.19200517000055026,0.7693725412280799,permutation,arc,44,1.0
21,20000,0.48788999728887067,0.1461412419748646,0.1924596136860694,0.7633836944115759,permutation,arc,44,1.0
22,20000,0.4867585647654978,0.14356314825483615,0.19807764572382974,0.7589447326799128,permutation,arc,44,1.0
23,20000,0.4857489071599237,0.14066569905180398,0.20222434596416025,0.7534049452562169,permutation,arc,44,1.0
24,20000,0.4853547802805884,0.13797743951377608,0.20885780058182354,0.7476602906506841,permutation,arc,44,1.0
25,20000,0.4845591420391231,0.13539414880676984,0.21113593541479514,0.7434492589879892,permutation,arc,44,1.0
26,20000,0.4838902326061725,0.13280763902176568,0.2153422881752112,0.7372500390550437,permutation,arc,44,1.0
27,20000,0.48327784993349543,0.13019780728537544,0.2209919834729706,0.7303692318250573,permutation,arc,44,1.0
28,20000,0.482828867446147,0.1278058081228553,0.2250932680492759,0.7250099585545796,permutation,arc,44,1.0
29,20000,0.48223213476584603,0.1258894638957885,0.22754331191259744,0.7206046839564796,permutation,arc,44,1.0
30,20000,0.48163747489496345,0.12365649171531934,0.23187361939957757,0.7167067393675173,permutation,arc,44,1.0
31,20000,0.48137059594707843,0.12136146516204224,0.2360837686157836,0.7108826009151131,permutation,arc,44,1.0
32,20000,0.4805848088490684,0.11937256919704807,0.24130686557559497,0.7075648590613925,permutation,arc,44,1.0
33,20000,0.4798865242999939,0.11751330822237555,0.2436687651537025,0.7027269076345792,permutation,arc,44,1.0
34,20000,0.47963900184829533,0.11591862285754628,0.24476948235073212,0.6999948732037685,permutation,arc,44,1.0
35,20000,0.4792581705045417,0.11437871107694286,0.24923008088504559,0.697076025488861,permutation,arc,44,1.0
36,20000,0.4790003223400957,0.11276163001665007,0.25059443359998107,0.6930713183278717,permutation,arc,44,1.0
37,20000,0.4786963273546604,0.11121620538767556,0.2538817353549356,0.6908458355905686,permutation,arc,44,1.0
1,20000,1.0,8.842713606886035e-17,0.9999999999999999,1.0000000000000002,permutation,arc,39A,0.0
2,20000,0.6934154073056963,0.30154759749942084,0.05777095413363106,0.9999666713094146,permutation,arc,39A,0.0
3,20000,0.6025382992864463,0.2614711336614037,0.14276833655068943,0.9969576871532013,permutation,arc,39A,0.0
4,20000,0.5472743304625054,0.2461115931848758,0.10245047643475982,0.9902021322022755,permutation,arc,39A,0.0
5,20000,0.5134912462733512,0.23148953872351827,0.10337378146407769,0.9573221811297824,permutation,arc,39A,0.0
6,20000,0.4893854582959545,0.22036617099338981,0.09597609898788213,0.9220814588532609,permutation,arc,39A,0.0
7,20000,0.4725358929545168,0.20999990336166666,0.10058688701975944,0.887707053745321,permutation,arc,39A,0.0
8,20000,0.4603681437737108,0.20102363610407042,0.09452288844821238,0.8568314440886581,permutation,arc,39A,0.0
9,20000,0.45148168236253167,0.19329664229899698,0.09677818105028825,0.8296020745432541,permutation,arc,39A,0.0
10,20000,0.44358573361161724,0.18587128404650113,0.10339735067142289,0.8074290849562951,permutation,arc,39A,0.0
11,20000,0.43685126116417966,0.1796527887414686,0.10428808431899901,0.7878232247029159,permutation,arc,39A,0.0
12,20000,0.43127523687567554,0.1751045233164599,0.10455119326373594,0.7733844264565201,permutation,arc,39A,0.0
13,20000,0.42609910132407824,0.170468497905391,0.10303938774695333,0.7577661037509953,permutation,arc,39A,0.0
14,20000,0.4222488165671823,0.16604853872644684,0.1074343901601695,0.7405688065103844,permutation,arc,39A,0.0
15,20000,0.41866448914823534,0.16195783778411021,0.10779458318626157,0.7328781570960727,permutation,arc,39A,0.0
16,20000,0.41552119792582454,0.1573133888201545,0.11284356824170484,0.7188421758780014,permutation,arc,39A,0.0
17,20000,0.4135804310817484,0.15376172207266822,0.11775298605732568,0.7110589403847081,permutation,arc,39A,0.0
18,20000,0.41160484764390265,0.15023238643203735,0.12083207510253562,0.7001140904814608,permutation,arc,39A,0.0
19,20000,0.40948103675783243,0.14710147957837516,0.12405106649316248,0.6932013651389677,permutation,arc,39A,0.0
20,20000,0.40808285516742443,0.14393328708454634,0.12583652547568286,0.6836366322747857,permutation,arc,39A,0.0
21,20000,0.4062447585300414,0.1415254148473183,0.12822936079984934,0.6774112436912921,permutation,arc,39A,0.0
22,20000,0.40518080683929786,0.13928682294784517,0.1300720122483266,0.6726247218534243,permutation,arc,39A,0.0
23,20000,0.4039064912775388,0.13701478363113614,0.13468851778582167,0.6673884059031953,permutation,arc,39A,0.0
24,20000,0.40284549508009343,0.13459770699716986,0.13834895190246174,0.6606300915689918,permutation,arc,39A,0.0
25,20000,0.40232381060360356,0.13230263716565457,0.13909442740172423,0.6545305963085658,permutation,arc,39A,0.0
26,20000,0.40166648956391116,0.1298533033258421,0.14303974186463805,0.6522090364074684,permutation,arc,39A,0.0
27,20000,0.4008163169825121,0.12752944124787016,0.14676149017086676,0.6457300009768174,permutation,arc,39A,0.0
28,20000,0.4001998877419067,0.12553699788680606,0.15072949856650975,0.6415118400177786,permutation,arc,39A,0.0
29,20000,0.39938166774257006,0.12360555358881556,0.15376122017815047,0.6360017663781452,permutation,arc,39A,0.0
30,20000,0.3988085846927246,0.12159458126221366,0.15469099276549506,0.6300030776143758,permutation,arc,39A,0.0
31,20000,0.39805550524870814,0.11988489253268486,0.16122802042507922,0.6266069887641678,permutation,arc,39A,0.0
32,20000,0.39775719667208925,0.11833546561119189,0.1621992907816712,0.6261568258429064,permutation,arc,39A,0.0
33,20000,0.3973151348624913,0.11671107643438673,0.16454176977908933,0.6217680580097238,permutation,arc,39A,0.0
34,20000,0.39687630481249664,0.11528393605116022,0.16672412120632335,0.616714350757614,permutation,arc,39A,0.0
35,20000,0.39647603386892494,0.11371090592005018,0.17000632614228645,0.6153944456259032,permutation,arc,39A,0.0
36,20000,0.39620885678626544,0.1122972369201586,0.17269589023637494,0.612381509113473,permutation,arc,39A,0.0
37,20000,0.3957855974397276,0.11126100873488602,0.17422990124191867,0.6082587350434073,permutation,arc,39A,0.0
1,20000,1.0,9.582628455229124e-17,0.9999999999999999,1.0000000000000002,permutation,arc,36,1.0
2,20000,0.6912225359196668,0.3044153204836194,0.04675864865833562,0.9999855319264945,permutation,arc,36,1.0
3,20000,0.6028196217580977,0.2600751004459176,0.12922501851957569,0.995540929351171,permutation,arc,36,1.0
4,20000,0.5480170628676783,0.24538437409366465,0.10293443881025782,0.9880971973411328,permutation,arc,36,1.0
5,20000,0.5131747063716077,0.2307756617010622,0.10588057268789085,0.9588459360327983,permutation,arc,36,1.0
6,20000,0.4897567879731413,0.21888801414894338,0.09809318634931195,0.9325635006147364,permutation,arc,36,1.0
7,20000,0.4730728028937157,0.20908590876621286,0.0983403795061857,0.8970891697820071,permutation,arc,36,1.0
8,20000,0.4600394842781541,0.20048759946890446,0.09535307210928012,0.8595343572988227,permutation,arc,36,1.0
9,20000,0.44934819386468444,0.1938255170628929,0.09396777185166588,0.8318610347171493,permutation,arc,36,1.0
10,20000,0.44207306019859605,0.18685289642222047,0.10010246538686578,0.8095821506170379,permutation,arc,36,1.0
11,20000,0.43558632600184966,0.1811183142640141,0.1002131619311863,0.7925325582916679,permutation,arc,36,1.0
12,20000,0.429624925390824,0.17572932334971725,0.09939379177582063,0.7748677444355864,permutation,arc,36,1.0
13,20000,0.42566473901308416,0.17141429282250228,0.10255493146924174,0.7597403154669875,permutation,arc,36,1.0
14,20000,0.42231500918969184,0.1671416648617482,0.10839423872829688,0.7460154717481292,permutation,arc,36,1.0
15,20000,0.41844899171763683,0.16321825610731522,0.10745648226829677,0.736921240481179,permutation,arc,36,1.0
16,20000,0.4152379186316588,0.1590693140704585,0.11074491502663884,0.7242045844386442,permutation,arc,36,1.0
17,20000,0.4128044795798989,0.15574566231317274,0.11239712860501452,0.7162926587428843,permutation,arc,36,1.0
18,20000,0.4103084739025451,0.1520184616622003,0.11268700198482885,0.7031034216752539,permutation,arc,36,1.0
19,20000,0.4085099421648845,0.1487782407272282,0.11985867724833084,0.6917513119041303,permutation,arc,36,1.0
20,20000,0.40684514046529696,0.14586349652601,0.12218207306544254,0.6842894548218468,permutation,arc,36,1.0
21,20000,0.40520369446782817,0.14303837841952946,0.12763849018988146,0.6777849828516733,permutation,arc,36,1.0
22,20000,0.4041939488270299,0.14065299849285456,0.13227085470036,0.6743572063100659,permutation,arc,36,1.0
23,20000,0.40245188810715954,0.13789822186507694,0.1332160749888226,0.6662855229502223,permutation,arc,36,1.0
24,20000,0.40151072342017047,0.13574350344137268,0.13573015684185022,0.6617964347321714,permutation,arc,36,1.0
25,20000,0.40054527127335243,0.13328813446493076,0.13918780752869983,0.6559416179286964,permutation,arc,36,1.0
26,20000,0.3996288499917619,0.13109936086038282,0.14214086997653452,0.6504961750233785,permutation,arc,36,1.0
27,20000,0.399024695453902,0.12886537075981963,0.14351978427603002,0.6446556130802483,permutation,arc,36,1.0
28,20000,0.3981848408077646,0.1271751075460387,0.14501952249600855,0.6418598112724013,permutation,arc,36,1.0
29,20000,0.3974293526504136,0.12546224688872742,0.14448180413379313,0.6360701673466401,permutation,arc,36,1.0
30,20000,0.39654138123764576,0.12382217553585712,0.14922849973727215,0.6317886531182832,permutation,arc,36,1.0
31,20000,0.39589509122658995,0.1219525470879758,0.1538759016456644,0.6283706261193212,permutation,arc,36,1.0
32,20000,0.3952330578379348,0.12026242869434496,0.15770864363577938,0.6237002219335152,permutation,arc,36,1.0
33,20000,0.3947878278015949,0.11879650573572821,0.1575928272774861,0.6222939470975496,permutation,arc,36,1.0
34,20000,0.3944879426690405,0.11751048596248784,0.16021826443895062,0.6177463302051434,permutation,arc,36,1.0
35,20000,0.39412946166070906,0.11596069154921941,0.16296425401385126,0.6135294700889906,permutation,arc,36,1.0
36,20000,0.3936232624219086,0.11451063767590207,0.16466805983224028,0.6108028803746922,permutation,arc,36,1.0
37,20000,0.3931330486185463,0.11310294761907179,0.1695358783209695,0.6085507063873296,permutation,arc,36,1.0
1,20000,1.0,8.463068190914996e-17,0.9999999999999999,1.0000000000000002,permutation,arc,62,1.0
2,20000,0.6824888567762027,0.30725346815339666,0.04512094077604407,0.9999804360185369,permutation,arc,62,1.0
3,20000,0.5912454296450956,0.258634613024224,0.13127593254147005,0.9989564034158334,permutation,arc,62,1.0
4,20000,0.5337760852034182,0.24600810363033296,0.099990135881493,0.9948696820801273,permutation,arc,62,1.0
5,20000,0.4983023538203892,0.23047120163383564,0.09291325870583703,0.9770809334353527,permutation,arc,62,1.0
6,20000,0.47400196099304504,0.21968645715643617,0.09635972199070521,0.927713265040871,permutation,arc,62,1.0
7,20000,0.45568395319722776,0.21020774149794336,0.0890074397375997,0.888055776795178,permutation,arc,62,1.0
8,20000,0.44181774366704574,0.20249297741136163,0.08827759602528346,0.8466502672633065,permutation,arc,62,1.0
9,20000,0.4316272002005242,0.19517273683409553,0.08655580889648203,0.8240633662944556,permutation,arc,62,1.0
10,20000,0.42279690713466445,0.18893194549065154,0.08804023649061357,0.8039004998041527,permutation,arc,62,1.0
11,20000,0.41473994356692284,0.18331486546277354,0.08690960501881552,0.7831553599736572,permutation,arc,62,1.0
12,20000,0.4087345487008348,0.178584024577061,0.08742113213045188,0.7648911425264758,permutation,arc,62,1.0
13,20000,0.40368324839213354,0.17413692880933396,0.08844111140451065,0.7495294900264552,permutation,arc,62,1.0
14,20000,0.3994147015812182,0.16967547596400887,0.08855641871753227,0.7337204042398188,permutation,arc,62,1.0
15,20000,0.3956368687180684,0.1656860822172781,0.09252055370147248,0.7257502763246949,permutation,arc,62,1.0
16,20000,0.3927063807862126,0.162476333200122,0.09136593019734383,0.7140801329857779,permutation,arc,62,1.0
17,20000,0.38998531804524356,0.15920732178491176,0.09235657898947483,0.7066806384241617,permutation,arc,62,1.0
18,20000,0.3878688825457407,0.1556810171406143,0.09603657695549485,0.6939938102592034,permutation,arc,62,1.0
19,20000,0.385353014771466,0.1521768861027293,0.0989669808820299,0.6854506620761268,permutation,arc,62,1.0
20,20000,0.38314212941361575,0.1492117810217378,0.09851788703238029,0.676719702499084,permutation,arc,62,1.0
21,20000,0.38146983095655923,0.14593201040002055,0.10339943874722395,0.6677870254227608,permutation,arc,62,1.0
22,20000,0.37994257853187474,0.14301936325554163,0.10430657646010237,0.6600701089118037,permutation,arc,62,1.0
23,20000,0.37870448003949,0.14060108221828208,0.10674014620503715,0.6546289104562577,permutation,arc,62,1.0
24,20000,0.37696253247385025,0.13850588343848214,0.10739336356898839,0.6481745795846515,permutation,arc,62,1.0
25,20000,0.3759997058845892,0.13611885947257643,0.11015586294954487,0.6432170743387791,permutation,arc,62,1.0
26,20000,0.3749642430323307,0.13390418220512978,0.11072386067827943,0.6364429957061921,permutation,arc,62,1.0
27,20000,0.37371879694854765,0.13165440316960075,0.11523885428615319,0.633114710379196,permutation,arc,62,1.0
28,20000,0.3726452875050855,0.12978208415752893,0.11895028965502547,0.6257865089037246,permutation,arc,62,1.0
29,20000,0.3719157193525594,0.12796607644611466,0.11993224541999593,0.6211005605603801,permutation,arc,62,1.0
30,20000,0.37144632606069344,0.12621102753909963,0.12298647467072693,0.6150771698794165,permutation,arc,62,1.0
31,20000,0.3707588264503014,0.12464920843051411,0.12594018921989608,0.6128307942135711,permutation,arc,62,1.0
32,20000,0.3702239992501666,0.12293162688317845,0.12888840016749134,0.6064992027742628,permutation,arc,62,1.0
33,20000,0.3697697530889695,0.12134185359022469,0.13145743856535105,0.6043062819962708,permutation,arc,62,1.0
34,20000,0.36950105357930396,0.11958185075015215,0.1318499370969835,0.601037654268732,permutation,arc,62,1.0
35,20000,0.3691966497935368,0.11825300970716918,0.13643807210650968,0.5995800092582458,permutation,arc,62,1.0
36,20000,0.3685949606259852,0.11669685629672859,0.1372656280131972,0.5941954354899389,permutation,arc,62,1.0
37,20000,0.3681248817861003,0.11514530389353231,0.14046403131661098,0.5902648545787617,permutation,arc,62,1.0
1,20000,1.0,1.116837236635196e-16,0.9999999999999999,1.0000000000000002,permutation,arc,44,0.0
2,20000,0.7417525685100632,0.3128341181565121,0.059346804030986806,1.0,permutation,arc,44,0.0
3,20000,0.6779656549682033,0.27123888883778935,0.21212918443734133,0.9995505635743364,permutation,arc,44,0.0
4,20000,0.637839934806726,0.26078172779950554,0.11511794745945116,0.9990495128938361,permutation,arc,44,0.0
5,20000,0.6168955438768923,0.24544057436302258,0.15252075966323853,0.9980299217731038,permutation,arc,44,0.0
6,20000,0.6017777041773161,0.23334386376192423,0.14696656024482027,0.9951194221867516,permutation,arc,44,0.0
7,20000,0.5919075725194831,0.22270842207399036,0.15168248639352402,0.9847407975321808,permutation,arc,44,0.0
8,20000,0.5838695202173059,0.21399896337682364,0.15854809628235716,0.973620089464277,permutation,arc,44,0.0
9,20000,0.5786740316594375,0.2047044992130324,0.16255562146462416,0.9562549069766065,permutation,arc,44,0.0
10,20000,0.5743367611252606,0.19664799573465552,0.17743625794711199,0.94104919389176,permutation,arc,44,0.0
11,20000,0.5708966821315625,0.19002235857340938,0.18489137618945112,0.9234482658765333,permutation,arc,44,0.0
12,20000,0.568620897389496,0.1832758026023599,0.1968887736344254,0.9067820753441844,permutation,arc,44,0.0
13,20000,0.5668453959983423,0.1772187896276253,0.20567276082910807,0.8915616042190195,permutation,arc,44,0.0
14,20000,0.565636088807915,0.17160627934758346,0.21566988740385343,0.8786043627200066,permutation,arc,44,0.0
15,20000,0.5639060442079903,0.1665299187718491,0.22477072054387764,0.8698173929580252,permutation,arc,44,0.0
16,20000,0.5624284626566023,0.16214092205913855,0.23385200777186257,0.8608486845554323,permutation,arc,44,0.0
17,20000,0.5612245412797067,0.15786480597449906,0.2363499152868992,0.854934975032515,permutation,arc,44,0.0
18,20000,0.5601813864497083,0.15389820757709044,0.24509744728031505,0.8471224039392663,permutation,arc,44,0.0
19,20000,0.5595375263179496,0.1501992015491483,0.25371653065358424,0.8390313016751758,permutation,arc,44,0.0
20,20000,0.5587987944051876,0.1467353273424915,0.25828895044880285,0.8319956364646721,permutation,arc,44,0.0
21,20000,0.5581625018457054,0.14322464847929076,0.26408971633860295,0.8242606930184448,permutation,arc,44,0.0
22,20000,0.5574619183131952,0.14025088788717383,0.2694908586581682,0.818484463222878,permutation,arc,44,0.0
23,20000,0.5570737318745669,0.13729509279498747,0.27883910809618184,0.812568727279429,permutation,arc,44,0.0
24,20000,0.5566529089527987,0.1348166444557594,0.2830469807500994,0.8067990821594205,permutation,arc,44,0.0
25,20000,0.5560503668044745,0.1323115540731582,0.2871228403000659,0.802260690258739,permutation,arc,44,0.0
26,20000,0.5555635895141208,0.13016316509759254,0.2897188017598063,0.7976424246449648,permutation,arc,44,0.0
27,20000,0.5550079838030411,0.12783276517670292,0.29544852158377083,0.7918382947599063,permutation,arc,44,0.0
28,20000,0.5547978076736646,0.12547926488792768,0.30118645988632425,0.787751866306776,permutation,arc,44,0.0
29,20000,0.5546678102123772,0.12350180722981877,0.30529609642510414,0.7844516747166814,permutation,arc,44,0.0
30,20000,0.5545140665762428,0.1214410689234457,0.3093253313180365,0.7791193475021144,permutation,arc,44,0.0
31,20000,0.5540833914948243,0.11953682972910706,0.31382220880576017,0.774832209895346,permutation,arc,44,0.0
32,20000,0.5537024528824722,0.11771858213432719,0.31773197404467046,0.7699270337740444,permutation,arc,44,0.0
33,20000,0.5536561526356514,0.11603565709460356,0.319985009258554,0.7673270320235812,permutation,arc,44,0.0
34,20000,0.5532733685358338,0.11432962427871565,0.3231537563109106,0.763831127885042,permutation,arc,44,0.0
35,20000,0.5528603536586396,0.11253906955277665,0.3272675528535804,0.7620353881237341,permutation,arc,44,0.0
36,20000,0.5528297018165729,0.11088940414301404,0.32880063736740833,0.7608433608747123,permutation,arc,44,0.0
37,20000,0.5527112026148076,0.10944366296585487,0.3319680109777178,0.7579174504766454,permutation,arc,44,0.0
1,20000,1.0,8.222979302723692e-17,0.9999999999999999,1.0000000000000002,permutation,arc,OC2,0.0
2,20000,0.6843126034895072,0.31618808121748176,0.0407762492341196,0.9999701883393076,permutation,arc,OC2,0.0
3,20000,0.5976914738853262,0.2618440289215312,0.1524340374916841,0.997081365650568,permutation,arc,OC2,0.0
4,20000,0.5397385378614356,0.25011530720377934,0.08028253423519385,0.9867174502945038,permutation,arc,OC2,0.0
5,20000,0.5051672105039869,0.23266788982340234,0.10580067283721839,0.9588386503827442,permutation,arc,OC2,0.0
6,20000,0.4824013904782396,0.22129161981464457,0.09475606800337369,0.9273748664409244,permutation,arc,OC2,0.0
7,20000,0.46396404063290947,0.2119990114305564,0.09319256330284752,0.8940830789372357,permutation,arc,OC2,0.0
8,20000,0.45198248487300996,0.2039817750443623,0.09108536951480083,0.8611083973812891,permutation,arc,OC2,0.0
9,20000,0.4413036773951172,0.19696626601828765,0.0897035387721695,0.8360208788041856,permutation,arc,OC2,0.0
10,20000,0.4329122893977261,0.19020315006248897,0.0899245510479533,0.8112092437105277,permutation,arc,OC2,0.0
11,20000,0.42719372890094365,0.18479139065894437,0.09032672826030701,0.7935981262835701,permutation,arc,OC2,0.0
12,20000,0.4222585342524384,0.17894946602398562,0.09348990324817152,0.7790372234034941,permutation,arc,OC2,0.0
13,20000,0.4178979542199222,0.1741233126235287,0.09598495184631181,0.7588833838614988,permutation,arc,OC2,0.0
14,20000,0.41436392824942886,0.1701894201976954,0.09853971313674464,0.7480029693891102,permutation,arc,OC2,0.0
15,20000,0.41140566177740184,0.16640679711305476,0.09510023356998473,0.7372434506256377,permutation,arc,OC2,0.0
16,20000,0.4084965184185633,0.16234617593589296,0.10134229549271803,0.7248302159647173,permutation,arc,OC2,0.0
17,20000,0.4058182726704732,0.15851441365833538,0.10320965284153935,0.7132115446219544,permutation,arc,OC2,0.0
18,20000,0.40358605216689863,0.1547757508094704,0.10507431743070644,0.70478721484704,permutation,arc,OC2,0.0
19,20000,0.40158960982054986,0.15200421092586258,0.10844412544670218,0.6974889301938246,permutation,arc,OC2,0.0
20,20000,0.39961969868444003,0.14917564361011038,0.11048952869846608,0.6925010520842116,permutation,arc,OC2,0.0
21,20000,0.39791228733326917,0.1458022961867227,0.11326601274954773,0.6818573384602319,permutation,arc,OC2,0.0
22,20000,0.3966655509192211,0.1433460244712787,0.11632711758751763,0.6747239486843897,permutation,arc,OC2,0.0
23,20000,0.3953640133648103,0.14101689051600774,0.11776258749404539,0.6670645854933678,permutation,arc,OC2,0.0
24,20000,0.3942436248796248,0.1384663629681472,0.12085204529446959,0.6579416158107995,permutation,arc,OC2,0.0
25,20000,0.39316723973346196,0.13610278299261122,0.12774633095548923,0.6534048264199719,permutation,arc,OC2,0.0
26,20000,0.3920514601357383,0.13402983081181968,0.12976602405476223,0.6504919153923984,permutation,arc,OC2,0.0
27,20000,0.391263978465565,0.13222065345458872,0.13182263329721572,0.6483653316277185,permutation,arc,OC2,0.0
28,20000,0.3904963985137313,0.1300139261449692,0.13452103920555022,0.6407955876467103,permutation,arc,OC2,0.0
29,20000,0.3901096739743442,0.12817367750365957,0.13711523490338534,0.6375669815150394,permutation,arc,OC2,0.0
30,20000,0.3896274407991828,0.126168523261313,0.13900638651926805,0.6329181189434435,permutation,arc,OC2,0.0
31,20000,0.389232868557636,0.12419535106799649,0.1406242075604226,0.6289241022540019,permutation,arc,OC2,0.0
32,20000,0.3887347621952973,0.12262936138025832,0.14518990822249028,0.6245035299082972,permutation,arc,OC2,0.0
33,20000,0.3883297895179524,0.12096120186214537,0.146599904014582,0.6219047102087019,permutation,arc,OC2,0.0
34,20000,0.3877151697620634,0.1192603229557395,0.15032278622460274,0.6196866417994865,permutation,arc,OC2,0.0
35,20000,0.387198979347225,0.11775570284220509,0.15260444098599996,0.6128820884264905,permutation,arc,OC2,0.0
36,20000,0.38719742034921506,0.11622200648658154,0.15562771099862915,0.6107596067980242,permutation,arc,OC2,0.0
37,20000,0.38702208018535456,0.11468565403897207,0.15705112926927692,0.6077855222997743,permutation,arc,OC2,0.0
1,20000,1.0,7.211504023148027e-17,0.9999999999999999,1.0000000000000002,permutation,arc,31,0.0
2,20000,0.7334054767445563,0.3036192072425968,0.06261471956307503,1.0,permutation,arc,31,0.0
3,20000,0.6571016563307307,0.2681498412018015,0.1621644732140419,0.9997405050292315,permutation,arc,31,0.0
4,20000,0.6116707042883036,0.25728742917363756,0.11523638882287178,0.9991479285847552,permutation,arc,31,0.0
5,20000,0.5860859608769903,0.2421970371412367,0.13415646704522421,0.9980378942462604,permutation,arc,31,0.0
6,20000,0.5688645573241121,0.23048764015305767,0.12572635646204208,0.9899957593831128,permutation,arc,31,0.0
7,20000,0.5578717681829017,0.21955766574392813,0.13579719655532815,0.9729404835664243,permutation,arc,31,0.0
8,20000,0.5486121839962071,0.21138838824130857,0.13584998958187955,0.9486874287117529,permutation,arc,31,0.0
9,20000,0.5421213440471007,0.20386351010753892,0.14071744498129177,0.9293641000364625,permutation,arc,31,0.0
10,20000,0.5368071395734719,0.19715465058916393,0.1443418443847755,0.9059486410551336,permutation,arc,31,0.0
11,20000,0.5321291751286553,0.18969590105291406,0.15252425036046827,0.8881170683326507,permutation,arc,31,0.0
12,20000,0.5290974136530803,0.18382685145617145,0.15835289131726382,0.8699160268337073,permutation,arc,31,0.0
13,20000,0.5259876986608625,0.178648914470137,0.16533167373805113,0.8584350441784327,permutation,arc,31,0.0
14,20000,0.5233324417275684,0.17302635734557495,0.1766115021080367,0.845549969565262,permutation,arc,31,0.0
15,20000,0.5210053387634848,0.16835353393136776,0.18118869412447153,0.8352835104942038,permutation,arc,31,0.0
16,20000,0.5194621786230023,0.1636062861303807,0.1873238906313744,0.8191598277265513,permutation,arc,31,0.0
17,20000,0.5182642335329242,0.159391497569759,0.19556035466928176,0.8112043686148881,permutation,arc,31,0.0
18,20000,0.5171871290630066,0.15521195996851503,0.20249032208565593,0.8034333293804821,permutation,arc,31,0.0
19,20000,0.5158094849439543,0.15179331025943918,0.2071354327910736,0.7963137600519427,permutation,arc,31,0.0
20,20000,0.5148319808727096,0.14836859926981885,0.21105010252098252,0.7904953151594274,permutation,arc,31,0.0
21,20000,0.5135214038621833,0.14515295205905998,0.21814471111138353,0.7852505142356494,permutation,arc,31,0.0
22,20000,0.5129182608959237,0.14165877331521406,0.2258653544028977,0.7779935568424079,permutation,arc,31,0.0
23,20000,0.512347119997329,0.13863332643640824,0.2308885478450434,0.7723838879566536,permutation,arc,31,0.0
24,20000,0.511742363660204,0.13613931185910857,0.23693803425314713,0.7667288349482672,permutation,arc,31,0.0
25,20000,0.5112169413705433,0.13338334450192846,0.24166163963768858,0.7598477657137518,permutation,arc,31,0.0
26,20000,0.5106147249614902,0.13096667522709213,0.24511757680570237,0.7559218780569166,permutation,arc,31,0.0
27,20000,0.5099975301650467,0.12876827379757316,0.250104295396662,0.7496013560953101,permutation,arc,31,0.0
28,20000,0.5096856828868035,0.12683171644344654,0.25358362848565635,0.7469898121988756,permutation,arc,31,0.0
29,20000,0.5090800911763581,0.12489403949573433,0.258573899499161,0.7447674684658453,permutation,arc,31,0.0
30,20000,0.5090264673196754,0.1229293192299307,0.26256070588330677,0.740612981425099,permutation,arc,31,0.0
31,20000,0.5083619135080526,0.1210111561169389,0.26522122982201,0.7352172719942314,permutation,arc,31,0.0
32,20000,0.5082003709268568,0.11914037608263517,0.2683756124244823,0.7311574769516147,permutation,arc,31,0.0
33,20000,0.5078421710037292,0.11757795644054245,0.27129625376574823,0.7301382462896886,permutation,arc,31,0.0
34,20000,0.5076961220062708,0.1159899721852315,0.2734675615583632,0.7282584449318791,permutation,arc,31,0.0
35,20000,0.507462560605552,0.11438287714021758,0.27811202833825527,0.7247754062302127,permutation,arc,31,0.0
36,20000,0.5073255691220121,0.11271583820220042,0.28243908723304234,0.7207027350281722,permutation,arc,31,0.0
37,20000,0.5071171802719586,0.11127454332146593,0.28541123252123113,0.7179655195285538,permutation,arc,31,0.0
1,20000,1.0,6.86113424201053e-17,0.9999999999999999,1.0,permutation,arc,34A,0.0
2,20000,0.7256866067759231,0.30158445136698225,0.05015732999486279,1.0,permutation,arc,34A,0.0
3,20000,0.6477583324600326,0.26524236809953694,0.14840925390955892,0.99897035582337,permutation,arc,34A,0.0
4,20000,0.6018036505856422,0.25165532454516637,0.12585157704896036,0.9945440745320532,permutation,arc,34A,0.0
5,20000,0.5744213650631788,0.23748757721153324,0.12899288547356574,0.9902448413936311,permutation,arc,34A,0.0
6,20000,0.5570051561193934,0.2257460480995286,0.12614381072213293,0.9773070281351318,permutation,arc,34A,0.0
7,20000,0.5451132504540076,0.21512856476644848,0.13341666263427454,0.9582361430530875,permutation,arc,34A,0.0
8,20000,0.5351090186300362,0.20653915613023147,0.1350448086598873,0.9349142536990213,permutation,arc,34A,0.0
9,20000,0.5275065351641867,0.19892556981656295,0.1382956710002418,0.91270633666298,permutation,arc,34A,0.0
10,20000,0.5223023692619287,0.19180943816350138,0.14401965588308172,0.8873562054905874,permutation,arc,34A,0.0
11,20000,0.5182230882222357,0.18492393729397816,0.15303792548699063,0.8688405471554851,permutation,arc,34A,0.0
12,20000,0.5142846389050877,0.17843573645628433,0.15960280535474025,0.8514796247607755,permutation,arc,34A,0.0
13,20000,0.5108535311557134,0.17329941463427226,0.16739354387385583,0.8401882326117929,permutation,arc,34A,0.0
14,20000,0.5083374419177963,0.16855025467432858,0.1721195482749669,0.829554008541799,permutation,arc,34A,0.0
15,20000,0.5057278410886769,0.16402635707107638,0.17553032550032144,0.8159899611699395,permutation,arc,34A,0.0
16,20000,0.5033561180279222,0.15970244422394717,0.17879698332580155,0.8040054094224257,permutation,arc,34A,0.0
17,20000,0.5014825324746048,0.1556055875368229,0.18618817909405286,0.7940092873245252,permutation,arc,34A,0.0
18,20000,0.5004161550222544,0.15177052202081923,0.19335299379117984,0.7845811244267543,permutation,arc,34A,0.0
19,20000,0.4992145464498433,0.1478607448666413,0.19773440065361392,0.7790813188655448,permutation,arc,34A,0.0
20,20000,0.49770235424868986,0.144941550364976,0.20465802274846953,0.7697828351941326,permutation,arc,34A,0.0
21,20000,0.49694899733326575,0.14171293845688138,0.21140920511261785,0.7599122014668181,permutation,arc,34A,0.0
22,20000,0.4962667239159279,0.13871255682251205,0.21512971724920493,0.7579124568186051,permutation,arc,34A,0.0
23,20000,0.49574173240463626,0.1361731802496196,0.2210208917508875,0.7511745895311358,permutation,arc,34A,0.0
24,20000,0.494712965016207,0.1332694305803965,0.2274460874596822,0.7471602099206593,permutation,arc,34A,0.0
25,20000,0.49384396492057847,0.13082717551939196,0.23271053488673943,0.7383211382431387,permutation,arc,34A,0.0
26,20000,0.4932975237837567,0.12840231374822994,0.23620939805191274,0.734276214123753,permutation,arc,34A,0.0
27,20000,0.49251583205659133,0.12597564243523388,0.23990466196113486,0.7307886783285816,permutation,arc,34A,0.0
28,20000,0.4918735784864305,0.12388636358136447,0.24112740304024732,0.7272948457330431,permutation,arc,34A,0.0
29,20000,0.4915810018718527,0.12192689314320146,0.24680627740226538,0.7215819840241453,permutation,arc,34A,0.0
30,20000,0.4915219716295629,0.11988684742056924,0.24969529501820684,0.7192553837884788,permutation,arc,34A,0.0
31,20000,0.4911919387669852,0.11804485352711741,0.25549474865670707,0.7171998949368913,permutation,arc,34A,0.0
32,20000,0.49085026431311923,0.11612778038193516,0.258587815594577,0.7117419451919228,permutation,arc,34A,0.0
33,20000,0.49045969716730886,0.11438730107453786,0.2620127348776425,0.7070853016892626,permutation,arc,34A,0.0
34,20000,0.490202046251534,0.11283526609799963,0.26415876600993365,0.7034650007675539,permutation,arc,34A,0.0
35,20000,0.489795238357152,0.11154861552557593,0.26577284428005465,0.7020067823935204,permutation,arc,34A,0.0
36,20000,0.4893902743850033,0.11021412311073098,0.26921763916501457,0.6993794358820086,permutation,arc,34A,0.0
37,20000,0.4892283572392551,0.10866149393556973,0.2712107252613124,0.6952394774403247,permutation,arc,34A,0.0
1,20000,1.0,8.18805246699739e-17,0.9999999999999999,1.0000000000000002,permutation,arc,31,1.0
2,20000,0.6980499825947717,0.3034594614897404,0.052828076923725355,0.999974151997386,permutation,arc,31,1.0
3,20000,0.6093609676056402,0.25956798457567254,0.14149280335754896,0.9941011055159428,permutation,arc,31,1.0
4,20000,0.5562241728041568,0.24584265735689254,0.098955297045288,0.9816429682418033,permutation,arc,31,1.0
5,20000,0.5261650937977972,0.22882911474166542,0.11280165889909641,0.9671313039102901,permutation,arc,31,1.0
6,20000,0.5046364808595074,0.21936855780830553,0.10354864187671574,0.9383538219253723,permutation,arc,31,1.0
7,20000,0.48886504037283185,0.20989085727643791,0.10218673701613452,0.8948545412769853,permutation,arc,31,1.0
8,20000,0.476122037549143,0.20249379696394743,0.10091553266502533,0.871017267428116,permutation,arc,31,1.0
9,20000,0.46616833341717856,0.1951593057158703,0.10529154392114322,0.8458370129473348,permutation,arc,31,1.0
10,20000,0.45816403668832284,0.1887750553192207,0.10624120512618151,0.8233322371724829,permutation,arc,31,1.0
11,20000,0.45216682545328085,0.18257516357343695,0.10620109452056292,0.803948327855953,permutation,arc,31,1.0
12,20000,0.4469548308669375,0.177178129648472,0.1089052591028101,0.7881432505782038,permutation,arc,31,1.0
13,20000,0.4429617337027039,0.17212691917197348,0.11369247987788214,0.7721171703273694,permutation,arc,31,1.0
14,20000,0.4397463266401626,0.1678629793007606,0.118040829867189,0.7632750192441999,permutation,arc,31,1.0
15,20000,0.43679417153909744,0.16335323418346842,0.1216193257998251,0.7517718731877873,permutation,arc,31,1.0
16,20000,0.43413602208048613,0.15940471238053336,0.12626177118907844,0.7399212121938729,permutation,arc,31,1.0
17,20000,0.43214987362482743,0.15559434321508497,0.12781358380488503,0.730889680085823,permutation,arc,31,1.0
18,20000,0.42982649523678174,0.1523128413604049,0.12942229326571847,0.7225418808823585,permutation,arc,31,1.0
19,20000,0.42768499343852145,0.1489600995898566,0.1327251060279036,0.7141853830708492,permutation,arc,31,1.0
20,20000,0.4264565990594605,0.14593586237008654,0.13842296263280204,0.7054277050185866,permutation,arc,31,1.0
21,20000,0.42499577135271066,0.1428467415527662,0.1424017746615753,0.6980093196225498,permutation,arc,31,1.0
22,20000,0.4239242083096192,0.14003674152254103,0.1489989520931906,0.6891320984627332,permutation,arc,31,1.0
23,20000,0.42268898971985863,0.1372465416281737,0.15031845430793817,0.6848253553134823,permutation,arc,31,1.0
24,20000,0.4217717915394326,0.1347961384116583,0.15451373516297234,0.6773568198065114,permutation,arc,31,1.0
25,20000,0.4209728640083097,0.13238514814724509,0.15919307537379906,0.6725136390381965,permutation,arc,31,1.0
26,20000,0.41999640182313897,0.1302573736221258,0.16220260917739504,0.6662365517928074,permutation,arc,31,1.0
27,20000,0.41919216122796804,0.12828831707638644,0.16513082759803602,0.6622798391734779,permutation,arc,31,1.0
28,20000,0.4181473011386223,0.1261616846002362,0.1681428171694221,0.6592327198879141,permutation,arc,31,1.0
29,20000,0.4174571966844733,0.12428385185699255,0.16958113674804098,0.6551957359736041,permutation,arc,31,1.0
30,20000,0.41677888565109417,0.1221931073061338,0.1725483204026766,0.6495246235442588,permutation,arc,31,1.0
31,20000,0.41621406878000416,0.1205892682672045,0.17581900283077107,0.6464560899393125,permutation,arc,31,1.0
32,20000,0.4157173173818799,0.11883787585089929,0.1777572800845041,0.6409726917352954,permutation,arc,31,1.0
33,20000,0.4151286432457729,0.11727560985826846,0.18128758112951932,0.6367609518997815,permutation,arc,31,1.0
34,20000,0.4147979745249585,0.11566744880701137,0.18501581543468595,0.632625575083349,permutation,arc,31,1.0
35,20000,0.41428350889694254,0.11389597074144077,0.18739904285502063,0.6301188612371842,permutation,arc,31,1.0
36,20000,0.41380080480324216,0.11224131439595345,0.1910494355258644,0.6267939639255528,permutation,arc,31,1.0
37,20000,0.41360181777244653,0.11078840263547242,0.1929294663413048,0.6235430291336691,permutation,arc,31,1.0
1,20000,1.0,8.680925831945446e-17,0.9999999999999999,1.0000000000000002,permutation,arc,34A,1.0
2,20000,0.7016171911389327,0.3086238030270701,0.061596001091361735,0.9999999999999999,permutation,arc,34A,1.0
3,20000,0.6153339957723645,0.26389968730899016,0.1574577684027789,0.9985207840041344,permutation,arc,34A,1.0
4,20000,0.561960833711773,0.2519956565174931,0.09876789564899482,0.9946512848385071,permutation,arc,34A,1.0
5,20000,0.5301373298865717,0.23608922874877417,0.11081877398176124,0.9846237168881175,permutation,arc,34A,1.0
6,20000,0.5085696175891827,0.22545868742941322,0.1001698658219288,0.9474277627415174,permutation,arc,34A,1.0
7,20000,0.494229728678012,0.2147962798002985,0.10550325485881695,0.9231480029677491,permutation,arc,34A,1.0
8,20000,0.4833845780280223,0.2068692866017956,0.10559977732026592,0.8938762807536379,permutation,arc,34A,1.0
9,20000,0.47493240195172914,0.19956955118685749,0.10495410533792346,0.8666936470783917,permutation,arc,34A,1.0
10,20000,0.46845207731388927,0.19286279324905298,0.10772984675918192,0.8426757091475009,permutation,arc,34A,1.0
11,20000,0.4626344274989642,0.18698975582230937,0.10859818629515854,0.8212053931977761,permutation,arc,34A,1.0
12,20000,0.45794491378355867,0.18101095234419787,0.1134766518473208,0.8036114008573343,permutation,arc,34A,1.0
13,20000,0.4540083226610532,0.1766384389501291,0.11591681251961168,0.791160253127454,permutation,arc,34A,1.0
14,20000,0.4510290592044359,0.17210506098424672,0.12277217753949977,0.7811305191697452,permutation,arc,34A,1.0
15,20000,0.44849812999301164,0.16746917921895146,0.12417323851234784,0.7703602699260138,permutation,arc,34A,1.0
16,20000,0.44615456517590957,0.16345888059694494,0.1302797081553475,0.7617018604891049,permutation,arc,34A,1.0
17,20000,0.4442286820703473,0.16014229816244693,0.13377675591730903,0.7518365895329056,permutation,arc,34A,1.0
18,20000,0.44234710147107,0.15629523841572474,0.1358171404388626,0.7409566847610045,permutation,arc,34A,1.0
19,20000,0.4412048880157723,0.15283933019285692,0.14044010663905773,0.7348025277738665,permutation,arc,34A,1.0
20,20000,0.43994914281494873,0.1494231173828284,0.1432505125193666,0.7244408605107666,permutation,arc,34A,1.0
21,20000,0.43864218319403625,0.146345800452272,0.14843278326805398,0.7175719266509915,permutation,arc,34A,1.0
22,20000,0.4376341143524598,0.14350950005309218,0.15136737545863632,0.7118742889151423,permutation,arc,34A,1.0
23,20000,0.43659315665770854,0.1402204749856807,0.15735393800098338,0.7056701734261582,permutation,arc,34A,1.0
24,20000,0.43574523027565804,0.13780549166631434,0.1590591943219104,0.6989991886419563,permutation,arc,34A,1.0
25,20000,0.4348563024837499,0.13508683748256653,0.16266425765041986,0.693266138774049,permutation,arc,34A,1.0
26,20000,0.434238499179631,0.1329047402016131,0.16981555147318034,0.6876475019788232,permutation,arc,34A,1.0
27,20000,0.43383983999250314,0.13063994351594177,0.17401299396735523,0.6824877179563598,permutation,arc,34A,1.0
28,20000,0.43361341971220874,0.12836360886430834,0.1749664351551743,0.6779962496387206,permutation,arc,34A,1.0
29,20000,0.4331930655381031,0.12593055484582774,0.17957303871076347,0.6729456308253295,permutation,arc,34A,1.0
30,20000,0.4326707851397807,0.12436090721083215,0.181933251880802,0.6716438490166298,permutation,arc,34A,1.0
31,20000,0.43208042726125606,0.12235448274983388,0.18526103346073794,0.6662564233302564,permutation,arc,34A,1.0
32,20000,0.431401093570141,0.1205371884516427,0.18760720672383993,0.6621678126537964,permutation,arc,34A,1.0
33,20000,0.43105140748665727,0.11907350655887121,0.1908218801903475,0.6580727993913705,permutation,arc,34A,1.0
34,20000,0.4303700065113459,0.11738623026054314,0.1929166118711287,0.6563344311270997,permutation,arc,34A,1.0
35,20000,0.4299578526967524,0.11575044738667874,0.1962455554329728,0.6503790011507335,permutation,arc,34A,1.0
36,20000,0.429702198920687,0.11396219723593676,0.19907330022178765,0.6472675773041447,permutation,arc,34A,1.0
37,20000,0.4293732922893383,0.11239710024732091,0.20234180326454185,0.6440120352536467,permutation,arc,34A,1.0
1,20000,1.0,7.86516887103357e-17,0.9999999999999999,1.0000000000000002,permutation,arc,61,0.0
2,20000,0.7000281958963707,0.30830442660658813,0.05004976983883487,0.9999781825432932,permutation,arc,61,0.0
3,20000,0.6151747742308592,0.26097126066522935,0.16465935733530776,0.9956445899367968,permutation,arc,61,0.0
4,20000,0.5578455744943334,0.2509171298862197,0.09406341351531514,0.9912278074504621,permutation,arc,61,0.0
5,20000,0.5269301717385831,0.23537194221215932,0.11614409468125883,0.9760179826887121,permutation,arc,61,0.0
6,20000,0.5048458011282816,0.22536287833297697,0.09314955489272388,0.947523893695938,permutation,arc,61,0.0
7,20000,0.48952513337461917,0.21483627397914365,0.10548197124617395,0.9183290866783073,permutation,arc,61,0.0
8,20000,0.47831282272418596,0.20711018473749562,0.09990298183067738,0.8819781955177839,permutation,arc,61,0.0
9,20000,0.4687691727481706,0.19945040279788523,0.10322572174122376,0.8568472098962774,permutation,arc,61,0.0
10,20000,0.4613072622802939,0.19274437865589725,0.10271385922264374,0.834101919277905,permutation,arc,61,0.0
11,20000,0.45466978382277196,0.1866140421486962,0.10549177317040102,0.8136630936861423,permutation,arc,61,0.0
12,20000,0.4494486567839095,0.18134547609121218,0.10734386138192914,0.7982503484842395,permutation,arc,61,0.0
13,20000,0.4460157503931462,0.1766151355702697,0.11002310718709021,0.7863894344719826,permutation,arc,61,0.0
14,20000,0.44271020148398604,0.17157469875388004,0.11347382911928645,0.7710270996051585,permutation,arc,61,0.0
15,20000,0.4396069758420295,0.1666429073170681,0.11808778883726248,0.7604645200154164,permutation,arc,61,0.0
16,20000,0.4374537123062916,0.16253870822185446,0.12029272827024995,0.7477288781073499,permutation,arc,61,0.0
17,20000,0.43525334190235426,0.15883740812002062,0.12284349758414849,0.7389598628159733,permutation,arc,61,0.0
18,20000,0.4343441686925081,0.1557276502048875,0.12778693842072655,0.7311775678350344,permutation,arc,61,0.0
19,20000,0.432794031138396,0.1523509095844347,0.1344397598984323,0.7226191810756502,permutation,arc,61,0.0
20,20000,0.43110593224832827,0.1493553149526404,0.1368170499234319,0.714865944411774,permutation,arc,61,0.0
21,20000,0.4299213839568531,0.1463401029247375,0.1407024088791171,0.7081168448240243,permutation,arc,61,0.0
22,20000,0.4289924070581851,0.14328771261046092,0.1450610870292789,0.7013200374688878,permutation,arc,61,0.0
23,20000,0.4279179284422161,0.14077418871219566,0.1472528075737354,0.696346781985424,permutation,arc,61,0.0
24,20000,0.427245335602341,0.1382829579524081,0.15043249803930725,0.690391611268432,permutation,arc,61,0.0
25,20000,0.4264663592463199,0.13581220977799582,0.15376311207943974,0.6853221873971146,permutation,arc,61,0.0
26,20000,0.4257478928737229,0.13333715668828963,0.15962233735663695,0.679254609193757,permutation,arc,61,0.0
27,20000,0.42543687177480277,0.13104925082017252,0.16467000932873677,0.6745571083621843,permutation,arc,61,0.0
28,20000,0.42483118636157907,0.12895878915936226,0.1675529960473647,0.6705024073623458,permutation,arc,61,0.0
29,20000,0.42429615383613656,0.1268573600252011,0.17039370177302063,0.6651070655637001,permutation,arc,61,0.0
30,20000,0.42374489518657293,0.12480967546176082,0.17310187052256387,0.6627231245139159,permutation,arc,61,0.0
31,20000,0.42332294871676074,0.12283441077182197,0.1788873259363715,0.6572083284457141,permutation,arc,61,0.0
32,20000,0.4226982131690257,0.12097715932950577,0.18203752167885165,0.6538634152919826,permutation,arc,61,0.0
33,20000,0.42238506148710475,0.11920230062847491,0.18455286034209623,0.649891714764266,permutation,arc,61,0.0
34,20000,0.4218504178877323,0.11753791789035288,0.18874816710759523,0.6462613259997364,permutation,arc,61,0.0
35,20000,0.4213876858852984,0.11593150144489336,0.19050628769253866,0.6428794648484828,permutation,arc,61,0.0
36,20000,0.4210147316321436,0.1141785518726574,0.19366697132695956,0.6374500763842184,permutation,arc,61,0.0
37,20000,0.42060847472709667,0.1126706568089572,0.1945900840896412,0.6359423556841933,permutation,arc,61,0.0
1,20000,1.0,7.78285005745014e-17,0.9999999999999999,1.0000000000000002,permutation,arc,61,1.0
2,20000,0.7524225242275906,0.28960293511011365,0.06421753829582785,1.0,permutation,arc,61,1.0
3,20000,0.6823946246707241,0.2611145851517647,0.1675656718998031,0.9998872976550501,permutation,arc,61,1.0
4,20000,0.6454215931478294,0.24798997539987067,0.1466005812189868,0.999577322083397,permutation,arc,61,1.0
5,20000,0.6241986274340819,0.23577880562116846,0.15319630314927382,0.9990035950524457,permutation,arc,61,1.0
6,20000,0.6092586843174977,0.2234417514354282,0.15896420391299199,0.9969848512053491,permutation,arc,61,1.0
7,20000,0.6005252345849054,0.21208611608693875,0.17326082889862957,0.9885223684732649,permutation,arc,61,1.0
8,20000,0.5931179137055617,0.20254407599836088,0.17570050048608188,0.9697377807405255,permutation,arc,61,1.0
9,20000,0.5878720669750744,0.19528273773938057,0.1842669703491217,0.947201642981691,permutation,arc,61,1.0
10,20000,0.5844351884257322,0.1879669883025717,0.19544028539105363,0.9301497249501924,permutation,arc,61,1.0
11,20000,0.5812964670044912,0.18086571222423548,0.20361967287769606,0.9141145183774471,permutation,arc,61,1.0
12,20000,0.5782217107181895,0.17498840641812596,0.2149782363645066,0.895265925538935,permutation,arc,61,1.0
13,20000,0.5767644704530392,0.1688243360406541,0.22344030867301648,0.8828083316216578,permutation,arc,61,1.0
14,20000,0.5749074958334505,0.16409981110160957,0.2358324231065542,0.8725358527732847,permutation,arc,61,1.0
15,20000,0.5731514794868544,0.15934688563140256,0.24217491446930473,0.8630353543129027,permutation,arc,61,1.0
16,20000,0.5716467389566292,0.15488468366182018,0.245555888921557,0.8530783209717498,permutation,arc,61,1.0
17,20000,0.570244869623947,0.15076743962550135,0.25570328103263695,0.843852194160786,permutation,arc,61,1.0
18,20000,0.5692885003566908,0.14709846411426705,0.2642374076673079,0.8372461796192455,permutation,arc,61,1.0
19,20000,0.5681776007916298,0.14355672053517166,0.2703069093574184,0.8323319373112958,permutation,arc,61,1.0
20,20000,0.5675108915941992,0.14055197319663298,0.2773720514699766,0.8262582807154563,permutation,arc,61,1.0
21,20000,0.5663814088231177,0.13751258059405294,0.28354185291837936,0.8196519273146904,permutation,arc,61,1.0
22,20000,0.5653781171690735,0.13424956352729223,0.28820401593250455,0.8130128131162032,permutation,arc,61,1.0
23,20000,0.5646129605268696,0.13163828019989118,0.29276595181282944,0.8064757992181959,permutation,arc,61,1.0
24,20000,0.5641689248756158,0.12900786610468606,0.29957490434593353,0.801639727539988,permutation,arc,61,1.0
25,20000,0.5637888579688481,0.1268627324094605,0.305891563013889,0.7969921028200281,permutation,arc,61,1.0
26,20000,0.5635126841623443,0.12444440990624447,0.30888807252193456,0.7909050555223354,permutation,arc,61,1.0
27,20000,0.5630396781562329,0.12190680414898136,0.312163015213576,0.7874034949291548,permutation,arc,61,1.0
28,20000,0.5627367691574391,0.11960202075995174,0.3164200850271318,0.7849862798329675,permutation,arc,61,1.0
29,20000,0.5624760063282591,0.11757384462626545,0.32149467552315913,0.779675282456698,permutation,arc,61,1.0
30,20000,0.5621134227880847,0.11579051770724053,0.3238779680026976,0.777239199517518,permutation,arc,61,1.0
31,20000,0.5618749575584008,0.11408886019417115,0.32722299915231545,0.7763440599337791,permutation,arc,61,1.0
32,20000,0.5616999070689761,0.1124969362367308,0.33000910476207845,0.7721208592609607,permutation,arc,61,1.0
33,20000,0.5612099528188592,0.11085170886891965,0.33355700540214284,0.7692537860889066,permutation,arc,61,1.0
34,20000,0.5609951857003426,0.10913925153927381,0.3392097705361132,0.7661117612499292,permutation,arc,61,1.0
35,20000,0.5605722354287994,0.10772598935491923,0.342143934177756,0.7627318558948237,permutation,arc,61,1.0
36,20000,0.5601526431567462,0.1061810015938271,0.3459801552023256,0.7593004385902997,permutation,arc,61,1.0
37,20000,0.5598967035464211,0.10468105490586548,0.3490198289591046,0.7583017849069663,permutation,arc,61,1.0
1,20000,1.0,7.26853976600776e-17,0.9999999999999999,1.0000000000000002,permutation,arc,30,0.0
2,20000,0.7438378222256099,0.30850443494533547,0.04742510846574643,1.0,permutation,arc,30,0.0
3,20000,0.6744577737477041,0.2685091133285635,0.20757616727760908,0.9996269085101963,permutation,arc,30,0.0
4,20000,0.6326497409997559,0.25920423938882503,0.10580670939127318,0.994439414725959,permutation,arc,30,0.0
5,20000,0.6107925914208935,0.24436069855848294,0.15049784711530081,0.9907627449514386,permutation,arc,30,0.0
6,20000,0.5962346332092611,0.23247240181976891,0.1379483553010581,0.9869904647903084,permutation,arc,30,0.0
7,20000,0.5847814403050665,0.22017926163732404,0.14897643555210724,0.9781444873930161,permutation,arc,30,0.0
8,20000,0.5776029792631265,0.21042579961299193,0.15949098030356967,0.9668431419893404,permutation,arc,30,0.0
9,20000,0.5722731798611086,0.20177706133425546,0.1673134768482628,0.9530305084563536,permutation,arc,30,0.0
10,20000,0.5686305002104841,0.19458315438979726,0.17466688929790583,0.9340405227676208,permutation,arc,30,0.0
11,20000,0.5651055095572499,0.18747037939996503,0.18414317239428288,0.9117738281898176,permutation,arc,30,0.0
12,20000,0.5625731577342968,0.180919970438267,0.19660394428312505,0.8911934605252455,permutation,arc,30,0.0
13,20000,0.5600967813926362,0.17595819559760836,0.20194953004524588,0.8789865430468211,permutation,arc,30,0.0
14,20000,0.5584356857418005,0.17127740248755022,0.2079456145020337,0.8691791061542538,permutation,arc,30,0.0
15,20000,0.5565003427115717,0.16624423334028665,0.21897824355863033,0.8578446416242714,permutation,arc,30,0.0
16,20000,0.5552234661201435,0.16176688841185038,0.225257876780022,0.8510073156529449,permutation,arc,30,0.0
17,20000,0.5539730436698393,0.15726920770394545,0.2348785474257098,0.8429477612536579,permutation,arc,30,0.0
18,20000,0.553009329779918,0.15307549616635183,0.23796107683522635,0.8334697848053162,permutation,arc,30,0.0
19,20000,0.5523940919171096,0.14958114044834037,0.24565451910637154,0.8261193710749877,permutation,arc,30,0.0
20,20000,0.5514356193208593,0.14582382196463706,0.25470905079151895,0.8176638037953564,permutation,arc,30,0.0
21,20000,0.5509214530981085,0.14220196481098665,0.26032966351851905,0.8095357445928599,permutation,arc,30,0.0
22,20000,0.550303780422046,0.13899066726709897,0.2671642345391773,0.8069288407781731,permutation,arc,30,0.0
23,20000,0.5499636401034128,0.1363416536914362,0.2720959417706707,0.8012362495507299,permutation,arc,30,0.0
24,20000,0.5488700172974982,0.13364640125648036,0.2754363694152328,0.7968498920430539,permutation,arc,30,0.0
25,20000,0.5484774057611357,0.13119125994031003,0.27969206920142636,0.7913867692653511,permutation,arc,30,0.0
26,20000,0.5477800395024905,0.12856899388400836,0.28224205940817154,0.7862441179639639,permutation,arc,30,0.0
27,20000,0.5472816192753628,0.12641937238248657,0.2893030547019096,0.7820033186230264,permutation,arc,30,0.0
28,20000,0.5469560474185461,0.12429446721908387,0.2948085403704905,0.7775923610981504,permutation,arc,30,0.0
29,20000,0.5464400838535494,0.12250162374037417,0.29524646570370516,0.7727282325728541,permutation,arc,30,0.0
30,20000,0.5460790254332806,0.12067614360710156,0.30042616054259075,0.7688915004076565,permutation,arc,30,0.0
31,20000,0.5457561203520136,0.11881760424123028,0.30380195808497357,0.7657208023763371,permutation,arc,30,0.0
32,20000,0.5456681293728798,0.11677883323380937,0.3082885782675082,0.764248025595831,permutation,arc,30,0.0
33,20000,0.5455893997623845,0.11505212411398891,0.30960065118929,0.7595380274239449,permutation,arc,30,0.0
34,20000,0.5453151826728845,0.11324845227750203,0.3145021536291809,0.7568157142036076,permutation,arc,30,0.0
35,20000,0.5451587812424239,0.11190926446658082,0.31824142194035915,0.755209172342815,permutation,arc,30,0.0
36,20000,0.5450683595693171,0.11052023254832956,0.31750227407986553,0.7530957233226258,permutation,arc,30,0.0
37,20000,0.5449253403251507,0.10914237242702204,0.32210154715906414,0.7504496387061796,permutation,arc,30,0.0
1,20000,1.0,8.02458666151843e-17,0.9999999999999999,1.0000000000000002,permutation,arc,30,1.0
2,20000,0.717009723775972,0.29718986380828444,0.05518325135462845,0.9999563920302224,permutation,arc,30,1.0
3,20000,0.6352678708800764,0.2575495646567392,0.16546681241314348,0.9959712822095816,permutation,arc,30,1.0
4,20000,0.587343966446133,0.2452506249591608,0.11620977586712798,0.978415676616241,permutation,arc,30,1.0
5,20000,0.5591599817166409,0.2304485997387226,0.12649837178486592,0.9648352934688901,permutation,arc,30,1.0
6,20000,0.5386155821376412,0.21959407674478687,0.12155121299691239,0.944828291432798,permutation,arc,30,1.0
7,20000,0.524696217200206,0.20947479159573476,0.12729579428861026,0.9182856710675887,permutation,arc,30,1.0
8,20000,0.5146276303747397,0.2008859663927522,0.12491586600960239,0.8894617899664979,permutation,arc,30,1.0
9,20000,0.5069618591768406,0.1938071285571141,0.1274358202612959,0.8698046355093726,permutation,arc,30,1.0
10,20000,0.5014409641459061,0.186459734082631,0.13380886174448103,0.8509674484669129,permutation,arc,30,1.0
11,20000,0.4965016807469017,0.17940105751185867,0.14576963504034043,0.8313264884471867,permutation,arc,30,1.0
12,20000,0.49255801861988285,0.17346951603667554,0.14574766736626557,0.8165645284133229,permutation,arc,30,1.0
13,20000,0.4889803483394944,0.168208752130617,0.15306911729443407,0.8037859621025585,permutation,arc,30,1.0
14,20000,0.4857574976569038,0.1632195147436458,0.15781485162276712,0.792785075782296,permutation,arc,30,1.0
15,20000,0.483692487651913,0.1588682029650906,0.1624975641515324,0.7815896117967259,permutation,arc,30,1.0
16,20000,0.48157036417092147,0.15475195257038166,0.16759074527739404,0.7712142692411895,permutation,arc,30,1.0
17,20000,0.47971058959230595,0.15106269493128782,0.17238249675860595,0.761457646511892,permutation,arc,30,1.0
18,20000,0.47818304356285396,0.1472701032348548,0.17821433070565504,0.7540723783991119,permutation,arc,30,1.0
19,20000,0.47706547332877125,0.1436629683135822,0.18449425257684532,0.7468008661560631,permutation,arc,30,1.0
20,20000,0.4761333736212708,0.14034890816371878,0.18976612174795185,0.737685533855976,permutation,arc,30,1.0
21,20000,0.4753314629377541,0.13749335023544684,0.19729104539341163,0.7320413802174288,permutation,arc,30,1.0
22,20000,0.4749669270562849,0.13431629246381077,0.2020189050538171,0.7272225856254992,permutation,arc,30,1.0
23,20000,0.4738351859594673,0.13156678880804254,0.20553803730988696,0.7201106576665265,permutation,arc,30,1.0
24,20000,0.4734091216025874,0.12916680615026058,0.20933063597470433,0.7141764852566412,permutation,arc,30,1.0
25,20000,0.47246158848147024,0.12705626344798285,0.21221045058935142,0.7097274311763162,permutation,arc,30,1.0
26,20000,0.471721771932902,0.12484172714656733,0.21760750110798024,0.7039231218835527,permutation,arc,30,1.0
27,20000,0.4715295437376106,0.12268546263465122,0.21802196988992634,0.6976728553368295,permutation,arc,30,1.0
28,20000,0.47089167922712766,0.120859485359944,0.22296633854313214,0.6943803233642606,permutation,arc,30,1.0
29,20000,0.4706639523265823,0.11891131347116544,0.22391141695656325,0.6920121295725784,permutation,arc,30,1.0
30,20000,0.47036316435633096,0.11721438271792249,0.2283293970719352,0.6889167535369203,permutation,arc,30,1.0
31,20000,0.47020546871124536,0.11555230269014498,0.23227291981595152,0.6858896884637797,permutation,arc,30,1.0
32,20000,0.47007189054792836,0.11402114208014055,0.2349152522619937,0.685698825347084,permutation,arc,30,1.0
33,20000,0.469470534748272,0.11226554225244767,0.23867369485895565,0.6802948852497727,permutation,arc,30,1.0
34,20000,0.46893107202346035,0.11053363716424217,0.24028263434542327,0.6747807801069575,permutation,arc,30,1.0
35,20000,0.4686160107073465,0.1091237496143417,0.2435301829924766,0.6738647273879155,permutation,arc,30,1.0
36,20000,0.46820922342601334,0.10755914156336827,0.2473603543082056,0.6704629140563809,permutation,arc,30,1.0
37,20000,0.467957350111909,0.10618717569314635,0.2518399784360405,0.6688614950912576,permutation,arc,30,1.0
1,20000,1.0,7.899182684093225e-17,0.9999999999999999,1.0000000000000002,uniform,time,,
2,20000,0.6359800669726218,0.3055077811024832,0.04348159799232798,0.99906012476031,uniform,time,,
3,20000,0.527185586511236,0.23912845084327258,0.12404421774222014,0.9696987292941784,uniform,time,,
4,20000,0.44805277315722414,0.21797557269686318,0.06978839627698534,0.9008870177678081,uniform,time,,
5,20000,0.4004091764520222,0.1974687348710285,0.07361714126702992,0.8215955781586248,uniform,time,,
6,20000,0.36689931083094657,0.18172384994675964,0.06554466546245234,0.758662598217493,uniform,time,,
7,20000,0.3357564871343161,0.16817807791298353,0.061769823221027864,0.6951016289606728,uniform,time,,
8,20000,0.3152126391873147,0.16049652599261358,0.055317209590494874,0.6570149256739598,uniform,time,,
9,20000,0.29708997453612646,0.14952147651880487,0.05471534967475747,0.6184295385565906,uniform,time,,
10,20000,0.2809039442267921,0.1422930711897375,0.050547587384353304,0.5915389793330869,uniform,time,,
11,20000,0.2673922694492119,0.13466594596805675,0.050744585813656276,0.5598292237416127,uniform,time,,
12,20000,0.2572518923221997,0.13141110844566523,0.046287635860696966,0.5443045395810544,uniform,time,,
13,20000,0.24546306234414839,0.1257683161325528,0.04344203583415145,0.5194148665538478,uniform,time,,
14,20000,0.23678542787239962,0.1212978379503608,0.04354092011504663,0.5036269281470804,uniform,time,,
15,20000,0.22897657700189925,0.1174994940093948,0.0416579014243267,0.4882610534579302,uniform,time,,
16,20000,0.22230682525307902,0.11395064898562776,0.04098942183658431,0.4732142995852006,uniform,time,,
17,20000,0.21521895116549258,0.11013095249365518,0.03890151587257105,0.4585544140065264,uniform,time,,
18,20000,0.2093442671146911,0.10772005298135762,0.03811067082798757,0.4442953312223421,uniform,time,,
19,20000,0.2029744966323452,0.10503124143443551,0.0350416389852367,0.4364610207709478,uniform,time,,
20,20000,0.1976953684419692,0.10158350849472376,0.03591968314484765,0.42095165790507266,uniform,time,,
21,20000,0.19349377351601202,0.0999867917858254,0.035157255639685164,0.4156350041653805,uniform,time,,
22,20000,0.18931061478484748,0.09693812883718032,0.03497147998415716,0.40360723928865194,uniform,time,,
23,20000,0.18513321039230995,0.09561147093056922,0.03268940394433994,0.3985259754551433,uniform,time,,
24,20000,0.18137935827512497,0.09336357237403538,0.03282106795693284,0.3869557908720667,uniform,time,,
25,20000,0.17786579170396113,0.09190096380851254,0.03148211054486646,0.38074629945441446,uniform,time,,
26,20000,0.17427482854302814,0.089601299050971,0.03190120232936609,0.3725012148623836,uniform,time,,
27,20000,0.1715826950317635,0.08922158950328624,0.03092716282282499,0.36857720449497555,uniform,time,,
28,20000,0.1668501009481577,0.08637478870137652,0.029882284796812836,0.359016926999957,uniform,time,,
29,20000,0.1642260620761587,0.08419267926826851,0.031026065014773428,0.3509236342363705,uniform,time,,
30,20000,0.1619932856932598,0.08332846420357437,0.030462179058070377,0.3463667308374299,uniform,time,,
31,20000,0.15925892424102342,0.08214790246090434,0.029520937157333952,0.3398954435178958,uniform,time,,
32,20000,0.15721229316204471,0.08172101817836566,0.02821933808018418,0.33839150980331173,uniform,time,,
33,20000,0.15515567720902068,0.08058386760903329,0.0283168996211653,0.3332414952578863,uniform,time,,
34,20000,0.15233279557380974,0.07819279969587474,0.02742510540220457,0.3258814739329269,uniform,time,,
35,20000,0.1492916988190075,0.07764760828454824,0.02690713687489789,0.32141567976966456,uniform,time,,
36,20000,0.14847052786808934,0.07662809714348386,0.026545500429885606,0.3187235939549598,uniform,time,,
37,20000,0.14577444394062247,0.07576568050659425,0.02668528452768649,0.3131027921080476,uniform,time,,
1,20000,1.0,5.96856611259843e-17,0.9999999999999999,1.0000000000000002,occupancy,time,,
2,20000,0.7340041912341261,0.3078531575918308,0.05124118997740262,1.0,occupancy,time,,
3,20000,0.6600432622939312,0.26905949299320714,0.18258947871218376,1.0,occupancy,time,,
4,20000,0.6144834494680025,0.2599500677002145,0.11004151791328311,1.0,occupancy,time,,
5,20000,0.5887347941439054,0.2451201851264704,0.1325701840749878,0.9996552094568575,occupancy,time,,
6,20000,0.5757558772296134,0.23413535155719048,0.12199365711365734,0.9932691106905969,occupancy,time,,
7,20000,0.5644119261080305,0.22375318170003963,0.13632431248258994,0.9780361729999874,occupancy,time,,
8,20000,0.553577022511205,0.21506883994351267,0.13323249183299166,0.9535607809494626,occupancy,time,,
9,20000,0.5477105996690994,0.2062491819023324,0.14177419175312275,0.9382470412502177,occupancy,time,,
10,20000,0.5450636373595138,0.197882814469838,0.1502218620049073,0.9111611050006003,occupancy,time,,
11,20000,0.5358592378027198,0.19194860077097323,0.15434571364795038,0.8916934003485852,occupancy,time,,
12,20000,0.5378879237320643,0.18466687701182594,0.1625670289813769,0.8800783922616886,occupancy,time,,
13,20000,0.5326862971023425,0.18051072228088172,0.16753480307736995,0.8648642760743361,occupancy,time,,
14,20000,0.5307950121785114,0.1762298809506089,0.1706189572417886,0.8541282355969037,occupancy,time,,
15,20000,0.5297697452343759,0.16973667942463044,0.18203842307119086,0.8405266439910988,occupancy,time,,
16,20000,0.5286068232700473,0.16543024496343994,0.18680665892308906,0.8321609042769889,occupancy,time,,
17,20000,0.5292901256166853,0.16197942527016485,0.19848129614419205,0.8279138474380479,occupancy,time,,
18,20000,0.527504632242571,0.1580514057159765,0.2122665763030572,0.8220390918907554,occupancy,time,,
19,20000,0.5270275408659905,0.15328488187969036,0.21439414703129808,0.8133557082544807,occupancy,time,,
20,20000,0.5254981383524557,0.14934936871539053,0.2208530786000033,0.8040582520033824,occupancy,time,,
21,20000,0.5238107557577484,0.14705177432448527,0.2253812828333328,0.7980239358880831,occupancy,time,,
22,20000,0.5225596525182549,0.14468848457942965,0.2254816851635004,0.7894321411815584,occupancy,time,,
23,20000,0.522096661259814,0.1402411757218253,0.23581591540786298,0.7831051517068602,occupancy,time,,
24,20000,0.5238549439021923,0.1384560148317043,0.23959027634153102,0.7769350806320139,occupancy,time,,
25,20000,0.5217745612388426,0.13588654410190573,0.24550138583950848,0.77311549351168,occupancy,time,,
26,20000,0.5197928436523194,0.13250931686855286,0.24666718406216898,0.7697614718987327,occupancy,time,,
27,20000,0.5224734764971563,0.13102686070921815,0.2519898091614457,0.7636745849853656,occupancy,time,,
28,20000,0.5190810413790736,0.12849618548765085,0.25524955775908964,0.758827879371646,occupancy,time,,
29,20000,0.5200634951142521,0.12537480611998073,0.26456677387519806,0.754440346333829,occupancy,time,,
30,20000,0.5203423155419165,0.1246614117445404,0.2635946362749344,0.7517721429134616,occupancy,time,,
31,20000,0.5173874007615421,0.12343214688239734,0.26377218767323946,0.7489967852784595,occupancy,time,,
32,20000,0.5181908021054585,0.12162034119933798,0.2708052338562562,0.7460796602657898,occupancy,time,,
33,20000,0.5195628251290891,0.11897468264712278,0.2760877858729596,0.7417888698684488,occupancy,time,,
34,20000,0.5182032981058994,0.11779501677611917,0.27913268347477466,0.7409905232981678,occupancy,time,,
35,20000,0.5184675127724053,0.1150441884283789,0.2854697398814967,0.7332581701717609,occupancy,time,,
36,20000,0.5177279761915906,0.11415581868086411,0.2876252343776402,0.7313965684241472,occupancy,time,,
37,20000,0.5181931461943091,0.1123488104974671,0.29237511187391424,0.7274655941464688,occupancy,time,,
1,20000,1.0,5.657923384469128e-17,0.9999999999999999,1.0000000000000002,permutation,time,33,0.0
2,20000,0.7430963082586145,0.31785548987666795,0.038985274679276226,1.0,permutation,time,33,0.0
3,20000,0.6786741392257999,0.2749947010704425,0.18835389794653465,1.0,permutation,time,33,0.0
4,20000,0.6391529427478306,0.2642887149733285,0.11717353458335808,1.0,permutation,time,33,0.0
5,20000,0.617948623706242,0.2490541349623434,0.1489305367825702,1.0,permutation,time,33,0.0
6,20000,0.60406337924082,0.23815496168711733,0.13188714076369878,0.9999900480678662,permutation,time,33,0.0
7,20000,0.5940338964571272,0.22698326061138674,0.1452880572549405,0.9960503214289008,permutation,time,33,0.0
8,20000,0.5866665747198722,0.2177391779126486,0.15190410806022844,0.9795065570608386,permutation,time,33,0.0
9,20000,0.5818400488114251,0.20885532314440683,0.16147974824528616,0.9676087505515629,permutation,time,33,0.0
10,20000,0.5788326317670615,0.20056192225263872,0.17168633360479674,0.9533845357537174,permutation,time,33,0.0
11,20000,0.5752861418884114,0.19210972663019724,0.184342913348484,0.9307965574246256,permutation,time,33,0.0
12,20000,0.5733952620930307,0.18604806618428307,0.19261248264944764,0.9141533752609722,permutation,time,33,0.0
13,20000,0.571320941831066,0.18025936549137392,0.20071748514788776,0.8971047629235623,permutation,time,33,0.0
14,20000,0.5696288551099937,0.17432956425424542,0.2080093230679271,0.8838083837069953,permutation,time,33,0.0
15,20000,0.5677863392702052,0.1695021721871419,0.21696842617839138,0.8735184795643626,permutation,time,33,0.0
16,20000,0.5667108722907973,0.16542208815010193,0.22799693727559048,0.869100899559935,permutation,time,33,0.0
17,20000,0.5655685160675646,0.16079720444233273,0.23609037460387872,0.8625812241499795,permutation,time,33,0.0
18,20000,0.5650085021783395,0.15662260976274403,0.2444534980013619,0.8543720687531806,permutation,time,33,0.0
19,20000,0.5642229008681678,0.15310432356678072,0.25159832400473015,0.847645107449117,permutation,time,33,0.0
20,20000,0.563632280570357,0.14901850908129916,0.25949660925495405,0.837905730605933,permutation,time,33,0.0
21,20000,0.5633144279692733,0.14553141401119107,0.2670300645612813,0.8320348819335883,permutation,time,33,0.0
22,20000,0.563019252516371,0.14241297523685564,0.2740966303579289,0.82704521266083,permutation,time,33,0.0
23,20000,0.5623510042864411,0.13956244695939843,0.27778349517024903,0.8215978893249877,permutation,time,33,0.0
24,20000,0.5620078487724317,0.13685568250760738,0.28552039960518955,0.8157541031920615,permutation,time,33,0.0
25,20000,0.562091791659,0.13380609368458707,0.29330107082910684,0.8108605415104394,permutation,time,33,0.0
26,20000,0.5615465515729616,0.1311951828883548,0.29867662531581357,0.8055385013237397,permutation,time,33,0.0
27,20000,0.5611238826500717,0.12887855687113203,0.30139660964216064,0.8000019026226706,permutation,time,33,0.0
28,20000,0.5607289454050207,0.1268164299036762,0.3029835555875368,0.796938138065549,permutation,time,33,0.0
29,20000,0.5606617594246927,0.12463941996357583,0.3069800942350355,0.7915991831781106,permutation,time,33,0.0
30,20000,0.5604234472733249,0.12238557855418099,0.3114723737261031,0.7866661441231549,permutation,time,33,0.0
31,20000,0.5599843396469597,0.12044756555678522,0.31531245560890364,0.7827396808964361,permutation,time,33,0.0
32,20000,0.5597787143021266,0.11838289558431037,0.3176559917012699,0.7798500855550703,permutation,time,33,0.0
33,20000,0.5595558257333856,0.11640024304993994,0.3231358758823325,0.7758463263930098,permutation,time,33,0.0
34,20000,0.559069458632277,0.11446560909988303,0.32738636495511914,0.7724529227919689,permutation,time,33,0.0
35,20000,0.5589846852830187,0.11290831596180034,0.3279080569395919,0.7693844812883011,permutation,time,33,0.0
36,20000,0.5588777990363923,0.11128533385105989,0.3310043410540416,0.7661644520555531,permutation,time,33,0.0
37,20000,0.5590446838342886,0.10964412503507046,0.3379094667503043,0.762317061825811,permutation,time,33,0.0
1,20000,1.0,5.0139839828091503e-17,0.9999999999999999,1.0,permutation,time,39A,1.0
2,20000,0.7153398738173361,0.31466460620481934,0.042306568925237556,1.0,permutation,time,39A,1.0
3,20000,0.6371901126369723,0.2725273512457208,0.15732182151429278,1.0,permutation,time,39A,1.0
4,20000,0.5880665795644542,0.2607529297036794,0.09835410254437166,1.0,permutation,time,39A,1.0
5,20000,0.5597277458984944,0.24506668179487287,0.11881628537326892,0.9998174057390936,permutation,time,39A,1.0
6,20000,0.5415093965249467,0.23410572873436658,0.11113895366075166,0.9854740757109544,permutation,time,39A,1.0
7,20000,0.5280165224794156,0.22481102238664846,0.11002559637486357,0.9670163441880668,permutation,time,39A,1.0
8,20000,0.5181989817743626,0.2154498599643738,0.11496880209601429,0.9367086686976067,permutation,time,39A,1.0
9,20000,0.5109664840405632,0.20738522376891022,0.11686583316589996,0.908545321305907,permutation,time,39A,1.0
10,20000,0.5049435106675599,0.20055634892510502,0.1202717837576308,0.8882387427160789,permutation,time,39A,1.0
11,20000,0.5001591174696038,0.19429981500326712,0.12431640182861359,0.8720968501862738,permutation,time,39A,1.0
12,20000,0.49663919702464593,0.18767531657964984,0.12784047940756468,0.8542282408426154,permutation,time,39A,1.0
13,20000,0.4940053861403853,0.18176320909575244,0.13291047043772014,0.8384523373753967,permutation,time,39A,1.0
14,20000,0.4916075002636262,0.17688585022960285,0.13755242325606584,0.8280067847312912,permutation,time,39A,1.0
15,20000,0.4897809559533025,0.17263480666256184,0.1469898727203037,0.8173886387490082,permutation,time,39A,1.0
16,20000,0.48778329635399986,0.16870944974119528,0.1490235991632397,0.8067389059317652,permutation,time,39A,1.0
17,20000,0.4863277426971048,0.1644734522164421,0.15415888761037816,0.7945932060398601,permutation,time,39A,1.0
18,20000,0.4848228714871121,0.160265169259777,0.1603002722588036,0.7855063928583544,permutation,time,39A,1.0
19,20000,0.4838050869766055,0.15662466443687453,0.165919302836731,0.7749070565722167,permutation,time,39A,1.0
20,20000,0.4826169840935818,0.15380562455846108,0.17223812567537852,0.7695586006115809,permutation,time,39A,1.0
21,20000,0.4817320980069079,0.15030937379072515,0.17597856638750523,0.762607737071388,permutation,time,39A,1.0
22,20000,0.4804901462448209,0.14676022389527832,0.18174265086191052,0.7577499265997164,permutation,time,39A,1.0
23,20000,0.4797387046932925,0.14427760402424206,0.18988316349748274,0.7529394581492262,permutation,time,39A,1.0
24,20000,0.4789734186552645,0.14154288206414792,0.19366527468410888,0.7473292469762634,permutation,time,39A,1.0
25,20000,0.4786438064339734,0.13881229766643896,0.20053451693506813,0.7401968096531832,permutation,time,39A,1.0
26,20000,0.47814587003125414,0.13631002322806113,0.206054115036164,0.736191115210993,permutation,time,39A,1.0
27,20000,0.47766037932111194,0.13400565529061234,0.20923662891014766,0.7298657476788766,permutation,time,39A,1.0
28,20000,0.47700637407532176,0.1315349599104468,0.21166113561417632,0.7247412464877165,permutation,time,39A,1.0
29,20000,0.4765742870791491,0.12954645687178165,0.21409578124519077,0.7213100362591169,permutation,time,39A,1.0
30,20000,0.4759189157292389,0.12765502068058104,0.215598993031531,0.7157752219282146,permutation,time,39A,1.0
31,20000,0.47545519788458007,0.1258601376456662,0.22099723046913552,0.7114155988716703,permutation,time,39A,1.0
32,20000,0.47499176676564203,0.12414531317934133,0.22263928084674742,0.7102500420489358,permutation,time,39A,1.0
33,20000,0.47463744263405505,0.12236393380413395,0.22859023768409722,0.7058643238291793,permutation,time,39A,1.0
34,20000,0.47437620987258433,0.12086303859006223,0.23089380842779825,0.7019862728105621,permutation,time,39A,1.0
35,20000,0.4739615181311108,0.11909866906723883,0.23481218062738435,0.6995484412614597,permutation,time,39A,1.0
36,20000,0.4736858956556911,0.11735966613458851,0.23677076969459962,0.696583856428167,permutation,time,39A,1.0
37,20000,0.47343760619332514,0.11567440062453717,0.2383335439158436,0.6927124444002432,permutation,time,39A,1.0
1,20000,1.0,8.289046379324127e-17,0.9999999999999999,1.0000000000000002,permutation,time,45,1.0
2,20000,0.7213684963853243,0.31523937558821435,0.0458293528465141,1.0,permutation,time,45,1.0
3,20000,0.6486513040643902,0.2695537465582035,0.18543545925252647,0.9999956887220853,permutation,time,45,1.0
4,20000,0.6012507761254066,0.2602939115571206,0.09747696025327447,0.9991823770514814,permutation,time,45,1.0
5,20000,0.5755633497290064,0.24510452291932797,0.12821399533994127,0.997970839600461,permutation,time,45,1.0
6,20000,0.5585466085366712,0.23526990049540067,0.11758713659869022,0.9835316201977321,permutation,time,45,1.0
7,20000,0.5462561936107431,0.2246207137525054,0.12353353336833531,0.9649232000613718,permutation,time,45,1.0
8,20000,0.5383139823034184,0.21516740040796203,0.12668708243991267,0.9430884699017714,permutation,time,45,1.0
9,20000,0.5320171868272912,0.20697873836170516,0.12827069762813023,0.9220061632335108,permutation,time,45,1.0
10,20000,0.5263919463528385,0.20006166050897392,0.13219632793179542,0.8970452805754939,permutation,time,45,1.0
11,20000,0.5224235066137486,0.19341704689440237,0.13352732984183685,0.8801852377448011,permutation,time,45,1.0
12,20000,0.5191094197901497,0.1873084940922147,0.14401858777326285,0.8658172875943456,permutation,time,45,1.0
13,20000,0.51657592031963,0.18147063180910605,0.15164370811805533,0.8508840175730409,permutation,time,45,1.0
14,20000,0.5139655350500671,0.17612478484190355,0.15707010641314548,0.8405780262629173,permutation,time,45,1.0
15,20000,0.5121883510436279,0.17142431509673675,0.16333211582796628,0.8310652333976111,permutation,time,45,1.0
16,20000,0.511023865022869,0.16679959941786385,0.17217141401207903,0.8212835096626977,permutation,time,45,1.0
17,20000,0.5088765352445497,0.16273708159232358,0.17820253177897624,0.809890507204466,permutation,time,45,1.0
18,20000,0.5074844173414137,0.1588053154104831,0.17905613537358564,0.8015623435934065,permutation,time,45,1.0
19,20000,0.5063102883059059,0.155346902873801,0.18886386321626722,0.7946131922921255,permutation,time,45,1.0
20,20000,0.5047709859165233,0.15161358603767056,0.1944696750926739,0.7853636167302396,permutation,time,45,1.0
21,20000,0.5040532752457422,0.14837366364761603,0.20070244126977885,0.779337002220656,permutation,time,45,1.0
22,20000,0.5036493382628727,0.14526685155971109,0.20782433140845652,0.7702420050827716,permutation,time,45,1.0
23,20000,0.5030279090227999,0.14200986605908716,0.21170340330150098,0.7627354290793241,permutation,time,45,1.0
24,20000,0.5023607424543808,0.1393837610250137,0.2178107411054071,0.7578670748683828,permutation,time,45,1.0
25,20000,0.5017778413000198,0.13677630693157927,0.2201280178356073,0.7528436767812479,permutation,time,45,1.0
26,20000,0.5013534203925102,0.13454299097727906,0.2234946678550653,0.7494319489327417,permutation,time,45,1.0
27,20000,0.500914613165407,0.1323857559378972,0.228242777544005,0.7469904232323443,permutation,time,45,1.0
28,20000,0.500570112374553,0.13028981971419393,0.2328366618899478,0.7442067101704479,permutation,time,45,1.0
29,20000,0.5003004091412256,0.12796625780732265,0.2377660694624934,0.7392279964564895,permutation,time,45,1.0
30,20000,0.4996900109784001,0.12642534169335512,0.24465303723309922,0.7351689945856299,permutation,time,45,1.0
31,20000,0.49925985765872777,0.12423542409964791,0.2468675354669637,0.7318755740551214,permutation,time,45,1.0
32,20000,0.4987402396572821,0.12255981988683912,0.2506687486348324,0.7266711207381484,permutation,time,45,1.0
33,20000,0.498645948891591,0.12076504097874434,0.25337026401754187,0.7238245283180929,permutation,time,45,1.0
34,20000,0.4981282617812283,0.11914348392818365,0.25418312573699947,0.7216488259847854,permutation,time,45,1.0
35,20000,0.4982379886098048,0.11747212095352183,0.2569121988251436,0.7185283684501391,permutation,time,45,1.0
36,20000,0.4979465437090732,0.11568772449152269,0.2615932485881509,0.7137562206957875,permutation,time,45,1.0
37,20000,0.4975759431319191,0.1141545465749604,0.2673226767141831,0.7087143335216494,permutation,time,45,1.0
1,20000,1.0,4.843290085429904e-17,0.9999999999999999,1.0000000000000002,permutation,time,OC1,1.0
2,20000,0.7242122260928577,0.324757013904806,0.02250879408181113,1.0,permutation,time,OC1,1.0
3,20000,0.6554112462724423,0.27521238370970036,0.1831472830610387,1.0,permutation,time,OC1,1.0
4,20000,0.6091191457623261,0.2660632695611047,0.0959825694489547,1.0,permutation,time,OC1,1.0
5,20000,0.5855971569891283,0.24888333948087635,0.13455867651585304,1.0,permutation,time,OC1,1.0
6,20000,0.5688190680566008,0.23883305409746103,0.1095038187933743,0.9965748701605409,permutation,time,OC1,1.0
7,20000,0.5577549665868459,0.22802930477120759,0.12872940698520402,0.983746227268254,permutation,time,OC1,1.0
8,20000,0.5495742435647183,0.21884066947911768,0.12523629689032179,0.9593407881329492,permutation,time,OC1,1.0
9,20000,0.5430305774434128,0.20966139586674923,0.13172696134701714,0.935759495033068,permutation,time,OC1,1.0
10,20000,0.5383228348139082,0.2021863536006764,0.13971720711568741,0.9140577418197988,permutation,time,OC1,1.0
11,20000,0.5351898752907229,0.19574818135190328,0.14454207172863567,0.9006609682044243,permutation,time,OC1,1.0
12,20000,0.5322332961549887,0.18978305846393945,0.1480418799836477,0.8804949311746993,permutation,time,OC1,1.0
13,20000,0.5296005942925633,0.18391786723514028,0.15837946771627615,0.8654766395451851,permutation,time,OC1,1.0
14,20000,0.5277876832768363,0.17784376678151567,0.16354504591802865,0.8534829896988287,permutation,time,OC1,1.0
15,20000,0.5255656906623298,0.1727775813856301,0.17462598892533812,0.8469332071199873,permutation,time,OC1,1.0
16,20000,0.5237594834393419,0.16831580718624878,0.17969408744679477,0.8359541876545455,permutation,time,OC1,1.0
17,20000,0.5230407302874576,0.16390713108381266,0.1867094627809303,0.8252856834741796,permutation,time,OC1,1.0
18,20000,0.5217712232432893,0.16002704725208772,0.19326812125127762,0.8157981190141105,permutation,time,OC1,1.0
19,20000,0.520834146074875,0.15596547277058592,0.2027681647672621,0.8060928172321392,permutation,time,OC1,1.0
20,20000,0.5199909740656327,0.15243743470007648,0.21017016353806284,0.800708926981923,permutation,time,OC1,1.0
21,20000,0.5192523310269633,0.14894548902176893,0.21141804259919234,0.7939990956802069,permutation,time,OC1,1.0
22,20000,0.5184979617368317,0.14583385025724688,0.21754636958713158,0.7877836984340504,permutation,time,OC1,1.0
23,20000,0.5177261382688075,0.14293401592465002,0.22350924245094334,0.7792713010135547,permutation,time,OC1,1.0
24,20000,0.5173655734427328,0.1399283502581441,0.22913910725130332,0.7753681702449807,permutation,time,OC1,1.0
25,20000,0.5169112579701972,0.1372951376694409,0.23315405641591533,0.7716660005791893,permutation,time,OC1,1.0
26,20000,0.5165166081895505,0.13462951295085418,0.24123747919218763,0.7659014152290462,permutation,time,OC1,1.0
27,20000,0.5161124904129875,0.13229783399553566,0.24557054523917007,0.7618858912022137,permutation,time,OC1,1.0
28,20000,0.5158358058994427,0.1302692695165421,0.2482638838577288,0.7578766752020667,permutation,time,OC1,1.0
29,20000,0.5153448993922254,0.12816848033955425,0.2527270071971018,0.7530446905495356,permutation,time,OC1,1.0
30,20000,0.5148271432095939,0.12622280557124554,0.2566685219614128,0.7498431964722913,permutation,time,OC1,1.0
31,20000,0.5147729588240368,0.1240388665203144,0.26002942919772903,0.7465079835884043,permutation,time,OC1,1.0
32,20000,0.5144647156231275,0.12256569664649612,0.2631892667599853,0.7428085596484305,permutation,time,OC1,1.0
33,20000,0.5139870880977606,0.12049356578800136,0.26890650381290887,0.7386409375449144,permutation,time,OC1,1.0
34,20000,0.5137479365618435,0.11869857861532333,0.2723807228881632,0.7359692670954694,permutation,time,OC1,1.0
35,20000,0.5133328770492707,0.11699503752002223,0.27620455943615535,0.730056340964535,permutation,time,OC1,1.0
36,20000,0.5131443935333542,0.11518779418506214,0.2789198167704199,0.7286298578020745,permutation,time,OC1,1.0
37,20000,0.5128883901833263,0.1139574803908466,0.2808433608470035,0.7266482548045785,permutation,time,OC1,1.0
1,20000,1.0,5.475236370154617e-17,0.9999999999999999,1.0,permutation,time,45,0.0
2,20000,0.7455533551455072,0.31570975314298766,0.02616233224452385,1.0,permutation,time,45,0.0
3,20000,0.6814868394431889,0.27601708552267673,0.18367558851956436,1.0,permutation,time,45,0.0
4,20000,0.639802161294403,0.2680121057682694,0.11128071624181747,1.0,permutation,time,45,0.0
5,20000,0.6195645576114759,0.25054520858104995,0.14861608054516953,0.9999259500621707,permutation,time,45,0.0
6,20000,0.6067294158232392,0.2393560747083621,0.1355100175561967,0.9997489404076492,permutation,time,45,0.0
7,20000,0.5969154574185953,0.2274193520603064,0.14891655755536334,0.9963941638062354,permutation,time,45,0.0
8,20000,0.590239201538061,0.2172511290226126,0.15266615276905707,0.9904020054081112,permutation,time,45,0.0
9,20000,0.5846472443308482,0.2089315609071013,0.16249257774103104,0.9785877277810084,permutation,time,45,0.0
10,20000,0.5812274440275798,0.20108864646573585,0.17022237311042424,0.9588358885491259,permutation,time,45,0.0
11,20000,0.5773705199860271,0.19441330607058763,0.17781115273699238,0.9334740217176334,permutation,time,45,0.0
12,20000,0.5750227002374905,0.18759027689348987,0.1904084139625425,0.9170283745316368,permutation,time,45,0.0
13,20000,0.5732733318457468,0.18178331773068254,0.19545800541893305,0.9022544565741523,permutation,time,45,0.0
14,20000,0.5718289288533771,0.175881316482486,0.20813087919186182,0.8899869546359237,permutation,time,45,0.0
15,20000,0.5704169336094013,0.17059017570662757,0.21879379525762285,0.8789552189965019,permutation,time,45,0.0
16,20000,0.5697057814960385,0.16605145711044364,0.22439032783103335,0.873446084227152,permutation,time,45,0.0
17,20000,0.5687381161661685,0.16152081830225776,0.23346193093156026,0.8652326251530179,permutation,time,45,0.0
18,20000,0.5678792541035522,0.1576144621796438,0.24264309856185157,0.8562334031130595,permutation,time,45,0.0
19,20000,0.5672532201448998,0.1537905899901991,0.24863175582205996,0.8486384883483273,permutation,time,45,0.0
20,20000,0.5664530615891956,0.1501023944368413,0.2574644918975746,0.8414734736332516,permutation,time,45,0.0
21,20000,0.5661066434956947,0.1464485886382187,0.26519418576002823,0.8338212592303851,permutation,time,45,0.0
22,20000,0.5656152917230214,0.14302663144981348,0.2721268106409077,0.8282626923391266,permutation,time,45,0.0
23,20000,0.5651104515929908,0.14006063741872837,0.27639508494596826,0.8218519863426585,permutation,time,45,0.0
24,20000,0.5648402711615275,0.13686505615222969,0.2831775685825843,0.8176923339578211,permutation,time,45,0.0
25,20000,0.5643969440443797,0.13414948228811907,0.28724561354198125,0.8098963750369385,permutation,time,45,0.0
26,20000,0.5636893668400076,0.13214330209202862,0.2939204283539671,0.806538193816647,permutation,time,45,0.0
27,20000,0.5635684752555926,0.1299706117708885,0.297897401337982,0.8034652295403152,permutation,time,45,0.0
28,20000,0.563081487438816,0.12784026555867234,0.30084984778582763,0.7973235171060532,permutation,time,45,0.0
29,20000,0.5628658490975044,0.12580145184358776,0.3055282283149035,0.7926520626001309,permutation,time,45,0.0
30,20000,0.562587747412531,0.12354116051026418,0.3100884899269923,0.7890427962454003,permutation,time,45,0.0
31,20000,0.562394053824384,0.12155896296516834,0.3160164459417604,0.7860245643098432,permutation,time,45,0.0
32,20000,0.5622205933111726,0.11996051326030761,0.31816280293952814,0.7838452279106787,permutation,time,45,0.0
33,20000,0.5620127011510659,0.11811177616551814,0.3216151478740274,0.780339476924181,permutation,time,45,0.0
34,20000,0.5616124378576808,0.11662391717665575,0.3219694172219152,0.7780780215234526,permutation,time,45,0.0
35,20000,0.5613879638168792,0.11508791514735374,0.32539441356574733,0.7742021102806469,permutation,time,45,0.0
36,20000,0.5609994851323953,0.11359061776502374,0.3273034741932861,0.7712304704202401,permutation,time,45,0.0
37,20000,0.5606903029840555,0.11194849957524508,0.3340465620514771,0.7679290670563369,permutation,time,45,0.0
1,20000,1.0,7.076487998166007e-17,0.9999999999999999,1.0000000000000002,permutation,time,OC1,0.0
2,20000,0.6864790030006519,0.31863322374693454,0.07081933203045002,1.0,permutation,time,OC1,0.0
3,20000,0.5998135761641877,0.26764353770044097,0.14925436774963086,1.0,permutation,time,OC1,0.0
4,20000,0.5441287750718641,0.2545333310998866,0.08589975555079934,1.0,permutation,time,OC1,0.0
5,20000,0.5135699636667432,0.23784057708419237,0.10560952569650674,0.9930748793631846,permutation,time,OC1,0.0
6,20000,0.49085580401223106,0.22764911998475346,0.09146894349202471,0.9509769203743131,permutation,time,OC1,0.0
7,20000,0.4745017253734468,0.21866655684582054,0.09539747628636998,0.9236729848595171,permutation,time,OC1,0.0
8,20000,0.46233226783792697,0.21045682632358062,0.0914719719389013,0.8907790784882308,permutation,time,OC1,0.0
9,20000,0.4527354312283851,0.20344817861998304,0.09364175691632384,0.8620088844321683,permutation,time,OC1,0.0
10,20000,0.4449675341264732,0.19704487192698145,0.08859562777457318,0.8341382620972709,permutation,time,OC1,0.0
11,20000,0.4396133070562594,0.190790146279075,0.09297551019219229,0.816823145098639,permutation,time,OC1,0.0
12,20000,0.4344814243192079,0.18553241310351512,0.09382314627294586,0.7978994103620243,permutation,time,OC1,0.0
13,20000,0.4305306162595818,0.18100498574861731,0.09742022417060452,0.7849781962604054,permutation,time,OC1,0.0
14,20000,0.4269927030001375,0.17683071004643314,0.09658969873808362,0.7740080562503092,permutation,time,OC1,0.0
15,20000,0.4237809342940365,0.172950655441413,0.10094855642350695,0.762573489648921,permutation,time,OC1,0.0
16,20000,0.4210079484735481,0.16909170794995662,0.1022791805546582,0.752276662432476,permutation,time,OC1,0.0
17,20000,0.4193959321489734,0.16522000203846687,0.10502269560324382,0.7428350572890126,permutation,time,OC1,0.0
18,20000,0.4178728994013027,0.1612419629768364,0.10783536743948803,0.7333219381653661,permutation,time,OC1,0.0
19,20000,0.41611715716915426,0.15825376186884624,0.11125558621955058,0.7244879131872102,permutation,time,OC1,0.0
20,20000,0.41462480855188477,0.1548301829584581,0.1163010308398711,0.7175372705486212,permutation,time,OC1,0.0
21,20000,0.41347993019652995,0.15155039451924346,0.12220108532864771,0.7076424477339311,permutation,time,OC1,0.0
22,20000,0.4122695817163275,0.1492143986577023,0.12399046087121904,0.7024507114178968,permutation,time,OC1,0.0
23,20000,0.4110788699792929,0.14670999701115214,0.12399392100042152,0.6964196763259461,permutation,time,OC1,0.0
24,20000,0.4102548358320034,0.14396857594884455,0.13095441628781532,0.6872587281530347,permutation,time,OC1,0.0
25,20000,0.409042259369793,0.1418643436576487,0.13260318101444815,0.6823360596186324,permutation,time,OC1,0.0
26,20000,0.40821480925738474,0.13954472687832808,0.13618246804970138,0.6782751833867836,permutation,time,OC1,0.0
27,20000,0.4071976505237068,0.13730698185376328,0.1391951426998494,0.6722044188688275,permutation,time,OC1,0.0
28,20000,0.4065269076767314,0.13518862221058756,0.14251314370149634,0.6689387334326352,permutation,time,OC1,0.0
29,20000,0.4061003967235179,0.13316791388626195,0.1444111867703551,0.6611890418527333,permutation,time,OC1,0.0
30,20000,0.4056466213002255,0.13129932366575406,0.14866620322858007,0.6577672454368803,permutation,time,OC1,0.0
31,20000,0.40494417951183914,0.12940441582056,0.15106963889317784,0.6554485318176007,permutation,time,OC1,0.0
32,20000,0.40458972438392055,0.12753982946165754,0.15195019944909516,0.6507044776049705,permutation,time,OC1,0.0
33,20000,0.40425256443074603,0.12589449550706436,0.15702670715768932,0.6481854722869369,permutation,time,OC1,0.0
34,20000,0.404074101489005,0.12422946010787896,0.1599613236893044,0.6443109065033173,permutation,time,OC1,0.0
35,20000,0.40380247294102606,0.12258328063942561,0.16325297416098847,0.6389256661297282,permutation,time,OC1,0.0
36,20000,0.4033925439746359,0.12065056357677878,0.16730585785823252,0.6358746543007666,permutation,time,OC1,0.0
37,20000,0.4030472444731654,0.11911394791502962,0.16865492856884953,0.6341713832253563,permutation,time,OC1,0.0
1,20000,1.0,6.31624391889053e-17,0.9999999999999999,1.0000000000000002,permutation,time,36,0.0
2,20000,0.7243517910832785,0.30861077452755226,0.05154279744693906,1.0,permutation,time,36,0.0
3,20000,0.6520735848574355,0.2676492282321559,0.16644585417053884,1.0,permutation,time,36,0.0
4,20000,0.6062646458415991,0.2575289877570855,0.11611750913186045,1.0,permutation,time,36,0.0
5,20000,0.5782585225285728,0.24293595163893641,0.12751626769103103,0.9985757737274832,permutation,time,36,0.0
6,20000,0.56147118783435,0.23215618361732546,0.11951425968272551,0.9892642316637659,permutation,time,36,0.0
7,20000,0.5495882423802546,0.22128127734716785,0.12932908946059105,0.9687517551598305,permutation,time,36,0.0
8,20000,0.5386880322704249,0.21305779916120918,0.12455057799546494,0.9437128710977968,permutation,time,36,0.0
9,20000,0.5316951994305507,0.20524098637137458,0.12892860909332352,0.9164348042316118,permutation,time,36,0.0
10,20000,0.5273881028007512,0.1979847000463461,0.1345046521353727,0.8975194190746374,permutation,time,36,0.0
11,20000,0.5236585722074244,0.190610400764979,0.1480022267180176,0.8799445067421964,permutation,time,36,0.0
12,20000,0.5198696011157478,0.18480596615667808,0.15273241829357576,0.8652700742043796,permutation,time,36,0.0
13,20000,0.5165272535102521,0.17947012856497324,0.16013838512397016,0.8513781263161945,permutation,time,36,0.0
14,20000,0.5139501961418966,0.17427307986802254,0.1660448645175895,0.843780444408998,permutation,time,36,0.0
15,20000,0.512263860334449,0.16961706734241064,0.1680599128957104,0.8332181060824067,permutation,time,36,0.0
16,20000,0.5109818113801597,0.16513722501771227,0.17622628118387235,0.8197039936377652,permutation,time,36,0.0
17,20000,0.510065756475805,0.1615253943961673,0.17983915933424893,0.8091558611883659,permutation,time,36,0.0
18,20000,0.5088046288024055,0.15757377680084478,0.18885167826018065,0.8029694015099528,permutation,time,36,0.0
19,20000,0.5074099022867411,0.15350560706614233,0.1956319441990959,0.7940307702578945,permutation,time,36,0.0
20,20000,0.5064755658281497,0.15033684315712906,0.20251438698646754,0.789843682403279,permutation,time,36,0.0
21,20000,0.505613754704547,0.14679051197488777,0.20846384698936554,0.7821859372991066,permutation,time,36,0.0
22,20000,0.5047222279116662,0.14364053695102388,0.21479312365229464,0.7737645752206332,permutation,time,36,0.0
23,20000,0.5038459967118608,0.14113435968982682,0.21884770833748546,0.7673412537241961,permutation,time,36,0.0
24,20000,0.5030734913997816,0.13863367804063242,0.22326319235995598,0.7622433681440357,permutation,time,36,0.0
25,20000,0.5024244087344912,0.13590750309591232,0.22903959484245281,0.7561630564309962,permutation,time,36,0.0
26,20000,0.5017213300923279,0.13348106432020124,0.23415551636742837,0.751161567172452,permutation,time,36,0.0
27,20000,0.5010176278406769,0.13125171245993789,0.23596167392617018,0.7482087255071855,permutation,time,36,0.0
28,20000,0.5006046614142854,0.12891873131677542,0.23731033031544355,0.7412192910068033,permutation,time,36,0.0
29,20000,0.50031233337201,0.1268095656949816,0.24125247257663412,0.7370074601268976,permutation,time,36,0.0
30,20000,0.49975085590354174,0.12464323330415183,0.2453393691373257,0.7326613430152095,permutation,time,36,0.0
31,20000,0.499328069631924,0.12253597697446471,0.2521196577436471,0.730988835602954,permutation,time,36,0.0
32,20000,0.4991155138787139,0.12083149054134393,0.2533894542884212,0.7273431633790504,permutation,time,36,0.0
33,20000,0.49850722170968054,0.11930097652408546,0.2528761464893258,0.7237101197668547,permutation,time,36,0.0
34,20000,0.49820470132220745,0.11779738993493331,0.2579332526986268,0.7219997202494772,permutation,time,36,0.0
35,20000,0.49773812167964954,0.11630087197049267,0.2589362473349199,0.7178206765966236,permutation,time,36,0.0
36,20000,0.4975768900888337,0.11491841806150876,0.26211045163929625,0.715530580371675,permutation,time,36,0.0
37,20000,0.4973578499700374,0.11327940071342554,0.26424488390670786,0.710438786509209,permutation,time,36,0.0
1,20000,1.0,5.5473666674638215e-17,0.9999999999999999,1.0000000000000002,permutation,time,46,0.0
2,20000,0.7249899537564057,0.30413293776088285,0.08223740562749933,1.0,permutation,time,46,0.0
3,20000,0.6441787631808771,0.26798913955118303,0.16673678960640465,1.0,permutation,time,46,0.0
4,20000,0.5996888086131763,0.25623198012565673,0.11195495036830679,1.0,permutation,time,46,0.0
5,20000,0.5738581355175573,0.24119898228035463,0.12877104358406688,0.9980786469676395,permutation,time,46,0.0
6,20000,0.5555052203674204,0.23022014085409237,0.11832364805510079,0.9765114441625783,permutation,time,46,0.0
7,20000,0.5437730837397017,0.220023587920928,0.12782058322345455,0.957790251983982,permutation,time,46,0.0
8,20000,0.5341057494799226,0.2107139155298074,0.12852630469558726,0.9340812356981234,permutation,time,46,0.0
9,20000,0.5269095864952171,0.20237006401175145,0.1329844736134375,0.9110789988328569,permutation,time,46,0.0
10,20000,0.5211783188059592,0.19511879319307507,0.1369873050889088,0.8891849261611012,permutation,time,46,0.0
11,20000,0.5158110057540568,0.18878675393378475,0.1420267533189437,0.8700605375096956,permutation,time,46,0.0
12,20000,0.5125248433673623,0.1825099795869086,0.14879980881344643,0.8526419225988742,permutation,time,46,0.0
13,20000,0.5093634099684796,0.1777716502272284,0.14802770255190434,0.8412589578691574,permutation,time,46,0.0
14,20000,0.5070983579785209,0.1727259878491695,0.15567185422673593,0.8309058455017192,permutation,time,46,0.0
15,20000,0.5045679102496416,0.1679175189774479,0.16173889879533745,0.8211197215430628,permutation,time,46,0.0
16,20000,0.5026990213043444,0.16396230351146893,0.16740615306249892,0.8086776885740679,permutation,time,46,0.0
17,20000,0.5014093712787124,0.15882523518736988,0.1783504785140652,0.7950205348390049,permutation,time,46,0.0
18,20000,0.500456759491651,0.1548056280722295,0.18478416449300103,0.7872107098385102,permutation,time,46,0.0
19,20000,0.4991995156285181,0.15111126256429636,0.19186414242319763,0.778266772114333,permutation,time,46,0.0
20,20000,0.49842859925106014,0.14785599708330022,0.1981571970287584,0.7721193968061238,permutation,time,46,0.0
21,20000,0.4976956878179926,0.14447145942633177,0.20497692375799284,0.7661430834588329,permutation,time,46,0.0
22,20000,0.4972146387986063,0.14104274633276728,0.21066265425601483,0.7611362993019222,permutation,time,46,0.0
23,20000,0.4965371835256399,0.13830707955937258,0.21255991944188365,0.7548476606165134,permutation,time,46,0.0
24,20000,0.4960129083268532,0.13568293853741348,0.2179034710446209,0.7501685680957216,permutation,time,46,0.0
25,20000,0.49520755381965553,0.13332029135499224,0.22299168540582673,0.7450256837517473,permutation,time,46,0.0
26,20000,0.49453572255983325,0.13092325814240663,0.2276679126300483,0.7404744772999771,permutation,time,46,0.0
27,20000,0.49454053894565675,0.1282468351471591,0.23255631273528368,0.7359922051258393,permutation,time,46,0.0
28,20000,0.49440763495959156,0.12581048636120945,0.2396870369381981,0.7298625402384925,permutation,time,46,0.0
29,20000,0.4940730987012078,0.12398150338169474,0.24240969754219455,0.7244598525864943,permutation,time,46,0.0
30,20000,0.49348148864065744,0.12180301666833607,0.24714527787964444,0.7217244611732789,permutation,time,46,0.0
31,20000,0.4932612705827026,0.12003647033987087,0.24990886347796165,0.718876399616227,permutation,time,46,0.0
32,20000,0.4929960494491508,0.11812198495659589,0.2524232349912284,0.7141264923323384,permutation,time,46,0.0
33,20000,0.4925744329305486,0.1162221696778571,0.2541147791388407,0.7104413599690494,permutation,time,46,0.0
34,20000,0.49212129475979893,0.11437754779885438,0.25887335271368916,0.7071252844130814,permutation,time,46,0.0
35,20000,0.49150536460644034,0.11251215554842932,0.2622925530232048,0.7043192118911922,permutation,time,46,0.0
36,20000,0.49118753917558805,0.11090106814283733,0.2655242079545397,0.7008880257131114,permutation,time,46,0.0
37,20000,0.4909937374087277,0.10939746418729834,0.26851057693882935,0.698439281082282,permutation,time,46,0.0
1,20000,1.0,6.283470157153897e-17,0.9999999999999999,1.0000000000000002,permutation,time,35,0.0
2,20000,0.7481567190355055,0.30184458081717064,0.06523739919618488,1.0,permutation,time,35,0.0
3,20000,0.6788732895834734,0.2667278711688325,0.1876748141824475,1.0,permutation,time,35,0.0
4,20000,0.6390092812111545,0.25613976725669446,0.11785250765433619,0.9999967237740821,permutation,time,35,0.0
5,20000,0.6166058529933952,0.2422113809781891,0.1427255296448974,0.9995990376805634,permutation,time,35,0.0
6,20000,0.6026419055871319,0.23080675569138284,0.1426924509556562,0.9952639414491723,permutation,time,35,0.0
7,20000,0.5928944476838975,0.21917966858993854,0.15426352186694167,0.9851628822324118,permutation,time,35,0.0
8,20000,0.5846752809375414,0.2103115947488195,0.15850200728689443,0.9651990181322825,permutation,time,35,0.0
9,20000,0.5793787902701192,0.20167677447322846,0.16366294805875836,0.9480940930941021,permutation,time,35,0.0
10,20000,0.5744716400404366,0.19410114020310554,0.17344654163162002,0.9282673673347264,permutation,time,35,0.0
11,20000,0.5707876889314802,0.18634415332618987,0.18510440853214294,0.9128949560946172,permutation,time,35,0.0
12,20000,0.5682284579354544,0.17990734817317164,0.19476864788715842,0.8957536632440873,permutation,time,35,0.0
13,20000,0.566407778151308,0.17393536785682,0.20553516085956602,0.8815027433442534,permutation,time,35,0.0
14,20000,0.5641993389763651,0.16883302086321644,0.21201520024775547,0.8698154177685087,permutation,time,35,0.0
15,20000,0.5626578121563193,0.16370090310451,0.22160052660784993,0.8590659665603974,permutation,time,35,0.0
16,20000,0.5611928630060183,0.1593799926552959,0.23316963271499955,0.8513102450886983,permutation,time,35,0.0
17,20000,0.5600440933381249,0.15514312716580284,0.23823275788829695,0.8446275995508382,permutation,time,35,0.0
18,20000,0.5587570609360901,0.15092291481613923,0.2445973085509009,0.834254800117604,permutation,time,35,0.0
19,20000,0.5580307467506678,0.14723661248520514,0.2528182129467633,0.8264358132708419,permutation,time,35,0.0
20,20000,0.557572561746083,0.14384690208175446,0.260170698922947,0.8178882431093686,permutation,time,35,0.0
21,20000,0.5572442762511258,0.14050570503623697,0.26843152721297153,0.8124602103352488,permutation,time,35,0.0
22,20000,0.5564885463215654,0.1371675200351522,0.27434099007920437,0.8079125179900121,permutation,time,35,0.0
23,20000,0.5558545907932543,0.1341555473718315,0.2813926953433235,0.8016281804266163,permutation,time,35,0.0
24,20000,0.5548839679569703,0.13108200590295552,0.28285317794017845,0.7946395068481765,permutation,time,35,0.0
25,20000,0.5549753153050635,0.12819787352876316,0.29121559321525475,0.7922894602150593,permutation,time,35,0.0
26,20000,0.554721617384011,0.1257666561990108,0.29625347541632474,0.7846839941524479,permutation,time,35,0.0
27,20000,0.554385642987326,0.12336430445719851,0.3007611521147043,0.7799100080699116,permutation,time,35,0.0
28,20000,0.5539746053896333,0.12142549315787647,0.304821668564898,0.7759631285676799,permutation,time,35,0.0
29,20000,0.5532288373991389,0.11922863151443405,0.30849993694857375,0.7728239133531968,permutation,time,35,0.0
30,20000,0.55265635910322,0.11720972066718878,0.312357436995057,0.7668110210810176,permutation,time,35,0.0
31,20000,0.5523259420840506,0.1154076691924094,0.3156883083524976,0.7655361082180613,permutation,time,35,0.0
32,20000,0.552222583129231,0.11349216034051433,0.3175147561879895,0.7611231827083255,permutation,time,35,0.0
33,20000,0.5518082805669173,0.11197043250267526,0.3176052761952075,0.7582935577330381,permutation,time,35,0.0
34,20000,0.5516817772620272,0.11037676287028514,0.32267313499761113,0.7545795325264056,permutation,time,35,0.0
35,20000,0.5513607025398133,0.10883382756217118,0.32444626830589945,0.751505899567053,permutation,time,35,0.0
36,20000,0.5511646598242425,0.10711273975255312,0.32893348009855705,0.7487560570199144,permutation,time,35,0.0
37,20000,0.5508179018968867,0.10571347752844887,0.33079517078353216,0.7483243879344891,permutation,time,35,0.0
1,20000,1.0,5.953056603197318e-17,0.9999999999999999,1.0000000000000002,permutation,time,48,1.0
2,20000,0.7274028721884199,0.3093038025312766,0.05785954262068906,1.0,permutation,time,48,1.0
3,20000,0.6543130696508014,0.2684305936831497,0.1788226825417783,1.0,permutation,time,48,1.0
4,20000,0.6118196158065159,0.2576589973269628,0.1066349923213815,1.0,permutation,time,48,1.0
5,20000,0.5874981819015193,0.24305286523558545,0.13473362713424705,0.9976796010824017,permutation,time,48,1.0
6,20000,0.5697740178458908,0.23149124839977372,0.12260412829495128,0.9892586998391267,permutation,time,48,1.0
7,20000,0.5582608196534654,0.22246381090784415,0.13239329989573548,0.9715157695556342,permutation,time,48,1.0
8,20000,0.5499282470364689,0.2140542418084919,0.13571925773241955,0.9492838691627878,permutation,time,48,1.0
9,20000,0.544449397914885,0.205231538159947,0.13936884216296092,0.9283120377706554,permutation,time,48,1.0
10,20000,0.5399668023481788,0.19832750033331542,0.1465609928217834,0.9087037431690116,permutation,time,48,1.0
11,20000,0.5364233627797942,0.19138500332235883,0.15415929177512702,0.889428926104968,permutation,time,48,1.0
12,20000,0.5329594905395943,0.18497336594225613,0.16276737372269934,0.8729670902012302,permutation,time,48,1.0
13,20000,0.5306816856457245,0.1791719174724371,0.17095654448836806,0.8586807767447671,permutation,time,48,1.0
14,20000,0.5283349490889638,0.17360397891782162,0.1760610720524069,0.8498939989226693,permutation,time,48,1.0
15,20000,0.527044822586402,0.16898931782584256,0.1796259506119506,0.839763660539179,permutation,time,48,1.0
16,20000,0.5254163039800737,0.16435557802415268,0.19129065654978347,0.8275442802614771,permutation,time,48,1.0
17,20000,0.5238789457384214,0.1601792687067449,0.19748655674609064,0.8194223478807701,permutation,time,48,1.0
18,20000,0.5225912642923709,0.15604967751707044,0.2045347313083338,0.8096336613615199,permutation,time,48,1.0
19,20000,0.5218688705591913,0.1522319277815765,0.21293127056145772,0.805414813434856,permutation,time,48,1.0
20,20000,0.5211086456717945,0.14871031426192338,0.21910035738998343,0.7989434538207174,permutation,time,48,1.0
21,20000,0.5205346341579774,0.14537384332656622,0.2257212254420302,0.789694752121879,permutation,time,48,1.0
22,20000,0.5198995227482587,0.14218697480106346,0.23103370168761767,0.784277874215828,permutation,time,48,1.0
23,20000,0.5192773531655449,0.13921553604091078,0.23639970521607176,0.77809302558576,permutation,time,48,1.0
24,20000,0.5185448714174948,0.13615060524841985,0.2432959547413253,0.7726297439950406,permutation,time,48,1.0
25,20000,0.5180646331563212,0.133970596552593,0.2451485970381857,0.7682944553503237,permutation,time,48,1.0
26,20000,0.5174121957177591,0.13161991190746208,0.24929086420498936,0.7632063693038567,permutation,time,48,1.0
27,20000,0.5168577194372292,0.1292411215227056,0.25387242033102797,0.7569850488661853,permutation,time,48,1.0
28,20000,0.5163771067166251,0.1270408050213145,0.25736360069154396,0.7530564599883101,permutation,time,48,1.0
29,20000,0.5161079823776962,0.12475828759729392,0.2611335067745243,0.7484476801106557,permutation,time,48,1.0
30,20000,0.5154830600640499,0.12244986425663773,0.26617934547971805,0.7445532841948422,permutation,time,48,1.0
31,20000,0.5149934817024098,0.12063039695524194,0.26924562149909914,0.741336762417653,permutation,time,48,1.0
32,20000,0.5143847079607811,0.11876138594737604,0.27332581787496263,0.7373745338197161,permutation,time,48,1.0
33,20000,0.5141772472542546,0.11701906528081871,0.27687283002431057,0.7324489710815828,permutation,time,48,1.0
34,20000,0.5137730668898804,0.11538984296263982,0.27805732865156957,0.7300867857638957,permutation,time,48,1.0
35,20000,0.5134476377949406,0.11372617846855262,0.283972202381962,0.7254472670366204,permutation,time,48,1.0
36,20000,0.5133001434464988,0.11218330383195178,0.28604039510680024,0.721204502314918,permutation,time,48,1.0
37,20000,0.5131280996340539,0.11087823343882744,0.2888952403282354,0.7191040561759635,permutation,time,48,1.0
1,20000,1.0,8.264845819462146e-17,0.9999999999999999,1.0000000000000002,permutation,time,OC3,0.0
2,20000,0.6950082574286358,0.3141524721072864,0.04117550837284565,1.0,permutation,time,OC3,0.0
3,20000,0.6131779168279964,0.2629206771930508,0.15861108738931853,1.0,permutation,time,OC3,0.0
4,20000,0.5594265191914616,0.25204179690062845,0.08762258259168956,1.0,permutation,time,OC3,0.0
5,20000,0.5278666963413335,0.2366375289207806,0.11276582380699858,0.9900302368003523,permutation,time,OC3,0.0
6,20000,0.5060416771358629,0.2257472483807582,0.10189268796786353,0.9581565182167125,permutation,time,OC3,0.0
7,20000,0.4916570472090186,0.21661435642103866,0.10222967569990998,0.9209702573950723,permutation,time,OC3,0.0
8,20000,0.4815507133198675,0.20863315683280706,0.10175325519785683,0.8875101844106966,permutation,time,OC3,0.0
9,20000,0.4735247502128308,0.2015367474560166,0.1002884260960706,0.8663474790393256,permutation,time,OC3,0.0
10,20000,0.4659389644372803,0.19532396021410448,0.1007288207700991,0.8453940724233681,permutation,time,OC3,0.0
11,20000,0.4604852651045101,0.18923646263599167,0.10487040072155944,0.827217340959136,permutation,time,OC3,0.0
12,20000,0.4554424626820175,0.1840554372016132,0.10373533802307863,0.812421819502871,permutation,time,OC3,0.0
13,20000,0.45200843607134655,0.17858539101442605,0.10890410385985308,0.7966010160067404,permutation,time,OC3,0.0
14,20000,0.44965572505823304,0.17404427733063993,0.11567027727282114,0.7849567481433746,permutation,time,OC3,0.0
15,20000,0.4471283217922473,0.17004409480833274,0.11505958356447407,0.7707936353030949,permutation,time,OC3,0.0
16,20000,0.44495017753821214,0.16582827997303037,0.1177659407894321,0.7603945837450212,permutation,time,OC3,0.0
17,20000,0.44293995995988605,0.16183072811829607,0.12105614829816133,0.7529169488853632,permutation,time,OC3,0.0
18,20000,0.44109799606217404,0.15808220897208122,0.12955269745748968,0.7438479036214916,permutation,time,OC3,0.0
19,20000,0.4390565003855778,0.15465369868093287,0.13261432453238656,0.7341317809989206,permutation,time,OC3,0.0
20,20000,0.4374332283455363,0.15112011358865396,0.13653718224308348,0.7253447608935235,permutation,time,OC3,0.0
21,20000,0.43607639483519506,0.14827336966662788,0.14082353982592305,0.7185243949704496,permutation,time,OC3,0.0
22,20000,0.4350836660522227,0.14547692180090632,0.14197311296675352,0.710674621514041,permutation,time,OC3,0.0
23,20000,0.43451390561468217,0.14317201428969462,0.14856926136568827,0.7057004434333082,permutation,time,OC3,0.0
24,20000,0.43360800776744707,0.14053483488507132,0.15296019730082133,0.703656742243676,permutation,time,OC3,0.0
25,20000,0.43281731141877317,0.13809157470528782,0.15635435390278551,0.6975483287654204,permutation,time,OC3,0.0
26,20000,0.43234896554394653,0.13572018510797776,0.16205705451474836,0.6931787763573084,permutation,time,OC3,0.0
27,20000,0.4317813781606572,0.13374442083996033,0.16407210993507546,0.6900873520499854,permutation,time,OC3,0.0
28,20000,0.43140355576062084,0.13144390698757044,0.16946168374602802,0.6818309870023507,permutation,time,OC3,0.0
29,20000,0.43091674474032426,0.12906216030905412,0.17391419562970112,0.6767667020560135,permutation,time,OC3,0.0
30,20000,0.430263587879015,0.12694808704011748,0.17747751226915082,0.674301046537581,permutation,time,OC3,0.0
31,20000,0.42955642165325825,0.12521403035636955,0.1794232452642112,0.670654601502243,permutation,time,OC3,0.0
32,20000,0.429033805028431,0.12366342974994035,0.18208008374760518,0.6656116589472961,permutation,time,OC3,0.0
33,20000,0.42847135602953185,0.12197531833406183,0.18474884766375296,0.6616230607662872,permutation,time,OC3,0.0
34,20000,0.42801506197513517,0.12039893218906371,0.1874135680141602,0.6585859821717086,permutation,time,OC3,0.0
35,20000,0.42771304040034447,0.11871089549929997,0.19074698414254476,0.6534252719143966,permutation,time,OC3,0.0
36,20000,0.42736220847281203,0.11710966192822164,0.1938605543749238,0.6498731810331466,permutation,time,OC3,0.0
37,20000,0.42723727230759023,0.11528837744967527,0.19793645155424638,0.647835727020019,permutation,time,OC3,0.0
1,20000,1.0,6.017927941005711e-17,0.9999999999999999,1.0000000000000002,permutation,time,OC2,1.0
2,20000,0.7105390810964256,0.317173343026932,0.013849831681551327,1.0,permutation,time,OC2,1.0
3,20000,0.6338035244488329,0.2673255309425902,0.16419624511397768,1.0,permutation,time,OC2,1.0
4,20000,0.5842207062178002,0.2576051511894639,0.09460123269329092,1.0,permutation,time,OC2,1.0
5,20000,0.5565934404881208,0.24320343808641656,0.12018798597151018,0.998785159775065,permutation,time,OC2,1.0
6,20000,0.5369429879349328,0.23346509223600553,0.1093087710063078,0.986432455551667,permutation,time,OC2,1.0
7,20000,0.5231551101176125,0.222730439979008,0.10772932482500114,0.9603485952631967,permutation,time,OC2,1.0
8,20000,0.5120435762867973,0.21473129286485573,0.11146494390361762,0.934217295284949,permutation,time,OC2,1.0
9,20000,0.5039196604314593,0.20607374702283493,0.11334501909584668,0.8983308214243108,permutation,time,OC2,1.0
10,20000,0.49850597941996494,0.1989975843177262,0.1207030729385577,0.879456798279632,permutation,time,OC2,1.0
11,20000,0.49363071429730426,0.1924016519771958,0.12573857790517257,0.8618348659553227,permutation,time,OC2,1.0
12,20000,0.48944164298515136,0.1870901209023587,0.13099184567891906,0.8457364253429072,permutation,time,OC2,1.0
13,20000,0.48652565716721546,0.18157216343437027,0.13290740989266364,0.8308216801766998,permutation,time,OC2,1.0
14,20000,0.4841457133314908,0.17595201618756257,0.1379856857835841,0.8180149714580983,permutation,time,OC2,1.0
15,20000,0.4813485317580881,0.17135703113181022,0.14451336931779526,0.8057315023536636,permutation,time,OC2,1.0
16,20000,0.47993430832234346,0.167126949613368,0.14711562880245102,0.799135756854515,permutation,time,OC2,1.0
17,20000,0.4780756681556065,0.16291563767539494,0.1541826157696865,0.7885692272555317,permutation,time,OC2,1.0
18,20000,0.4766856024652874,0.15928746036696323,0.161278944325395,0.7767543413014502,permutation,time,OC2,1.0
19,20000,0.47604572154391034,0.15543409747472609,0.16697463428501533,0.7700357478089358,permutation,time,OC2,1.0
20,20000,0.47470031289010955,0.15186695909343412,0.1707884957684802,0.7612488515727611,permutation,time,OC2,1.0
21,20000,0.4738499662602502,0.14870111733812633,0.1749281928817706,0.7551931829624812,permutation,time,OC2,1.0
22,20000,0.472852629567813,0.14558573237112543,0.17939456331809764,0.7469658034035018,permutation,time,OC2,1.0
23,20000,0.47226009642196415,0.14302587388076632,0.1847529030562896,0.7437220676530619,permutation,time,OC2,1.0
24,20000,0.47156802556366395,0.1407234691798069,0.18850304635398626,0.7384869712842612,permutation,time,OC2,1.0
25,20000,0.47074825438947027,0.13812523294370024,0.1924868045669464,0.7334516689255483,permutation,time,OC2,1.0
26,20000,0.470157263439294,0.13590938088816354,0.19730292576287817,0.7280157465338319,permutation,time,OC2,1.0
27,20000,0.4694625972498863,0.13351268065931035,0.1998640906083585,0.7228624650377378,permutation,time,OC2,1.0
28,20000,0.46927669786805964,0.13105588269701876,0.20332986474095865,0.719331619116535,permutation,time,OC2,1.0
29,20000,0.4689253660383023,0.12899668075527593,0.20682136687812247,0.713055451884553,permutation,time,OC2,1.0
30,20000,0.46837397711804213,0.12679944042936198,0.21028922538883058,0.7079396801879153,permutation,time,OC2,1.0
31,20000,0.467889867213075,0.12502750205779145,0.21478264389784557,0.7045766621328804,permutation,time,OC2,1.0
32,20000,0.4676829433453765,0.12303706848636892,0.21872334031671195,0.7028560979715318,permutation,time,OC2,1.0
33,20000,0.46720033371455627,0.121413139980047,0.22011434025190105,0.6994609009790236,permutation,time,OC2,1.0
34,20000,0.4669695570510421,0.11966199557243214,0.22471717858914503,0.6965166758558583,permutation,time,OC2,1.0
35,20000,0.46675760310421044,0.11800717161451026,0.22877207199687008,0.6902491168543659,permutation,time,OC2,1.0
36,20000,0.4663992371782964,0.11650358274953217,0.23104490015137075,0.6877661279919984,permutation,time,OC2,1.0
37,20000,0.46618325511865577,0.11484600509375294,0.23396009422691036,0.6865438113205312,permutation,time,OC2,1.0
1,20000,1.0,6.00254597513006e-17,0.9999999999999999,1.0000000000000002,permutation,time,38A,0.0
2,20000,0.6873360394333757,0.31596182912548576,0.05075118088745793,1.0,permutation,time,38A,0.0
3,20000,0.601130289065223,0.2624799978836731,0.15896346104245876,1.0,permutation,time,38A,0.0
4,20000,0.5454685869135798,0.25080603007765884,0.08383280753958394,0.9965589537076762,permutation,time,38A,0.0
5,20000,0.5145671081153464,0.23418452585215377,0.10914793587229303,0.9687353551189682,permutation,time,38A,0.0
6,20000,0.49042617168986236,0.22420785002113783,0.0939544202449776,0.9394165253375822,permutation,time,38A,0.0
7,20000,0.4740840268906254,0.21501159310627668,0.09299970614213127,0.9067204297513998,permutation,time,38A,0.0
8,20000,0.461236655893945,0.20704796322740443,0.09208051372667214,0.8763067156315334,permutation,time,38A,0.0
9,20000,0.45097315979110336,0.19926335880802185,0.09350455955669791,0.8472426806758045,permutation,time,38A,0.0
10,20000,0.44311525779918237,0.19229124055097008,0.09352659019196385,0.8227057567964494,permutation,time,38A,0.0
11,20000,0.4367617137832643,0.18655019540450862,0.09647457772367618,0.8015716235460727,permutation,time,38A,0.0
12,20000,0.43156469836992983,0.18073251892426004,0.09829514323688006,0.7822649451549893,permutation,time,38A,0.0
13,20000,0.42781132744730155,0.17583403207040105,0.09720457615482019,0.7675806214152973,permutation,time,38A,0.0
14,20000,0.4240023185517733,0.1712847922447957,0.09994733771554312,0.7587633195215313,permutation,time,38A,0.0
15,20000,0.42078793493611977,0.16724873638293528,0.10326281937197199,0.7476517114270521,permutation,time,38A,0.0
16,20000,0.41825377941748126,0.16365667906131423,0.1060056358701508,0.7338336471697008,permutation,time,38A,0.0
17,20000,0.415876696065326,0.15971359295828721,0.10841353339139356,0.7224622198995089,permutation,time,38A,0.0
18,20000,0.4141303032793553,0.15626552433256866,0.11254732803802171,0.7139098985890961,permutation,time,38A,0.0
19,20000,0.4125168903998769,0.15307820575763786,0.11465164638740628,0.7055179749079656,permutation,time,38A,0.0
20,20000,0.41098777312720997,0.14994356518295474,0.11759112739994665,0.6988937071374811,permutation,time,38A,0.0
21,20000,0.40960808003627625,0.14717573928894392,0.12155534819495845,0.6935576136821391,permutation,time,38A,0.0
22,20000,0.40828744669545375,0.1444682501703783,0.12177998740687869,0.6868849828394191,permutation,time,38A,0.0
23,20000,0.40732971940176327,0.14151852675634105,0.12509464430052145,0.6775249509912576,permutation,time,38A,0.0
24,20000,0.406254464775186,0.1390610480315056,0.12804376148989233,0.6725635509628811,permutation,time,38A,0.0
25,20000,0.4050199490660901,0.13681842855021845,0.13171990906900663,0.6668274498518773,permutation,time,38A,0.0
26,20000,0.40417632149076527,0.13454748364662247,0.13588760221699053,0.6622392265274261,permutation,time,38A,0.0
27,20000,0.4034848789868408,0.13274771943851008,0.13928209207619305,0.6576868749273034,permutation,time,38A,0.0
28,20000,0.4030909852164766,0.1304971066887179,0.14421208795234494,0.6538981164471108,permutation,time,38A,0.0
29,20000,0.4022821413520959,0.12835558689978768,0.14835982448460103,0.6495298564600251,permutation,time,38A,0.0
30,20000,0.4017335485477927,0.12638435694727682,0.1494441557388427,0.6437973889154178,permutation,time,38A,0.0
31,20000,0.40137285851166177,0.12477260030162718,0.15414717102529926,0.6376612745292691,permutation,time,38A,0.0
32,20000,0.40087641486727454,0.1227570794302705,0.15700764125450636,0.6347675292783153,permutation,time,38A,0.0
33,20000,0.4003404461802253,0.12089958170554337,0.15840470766468057,0.6312947473710602,permutation,time,38A,0.0
34,20000,0.39974030348409995,0.11919305227512383,0.1614453981483585,0.627142631601904,permutation,time,38A,0.0
35,20000,0.39947430325969036,0.11767032761527207,0.1634700566665987,0.6231182686693858,permutation,time,38A,0.0
36,20000,0.3990336008435198,0.11614634699134427,0.16665749481680733,0.6209305347341436,permutation,time,38A,0.0
37,20000,0.39872665494114706,0.1144508818993251,0.17073763274784448,0.6169043924872988,permutation,time,38A,0.0
1,20000,1.0,7.35410205118494e-17,0.9999999999999999,1.0000000000000002,permutation,time,46,1.0
2,20000,0.6926471094980641,0.30538411762957984,0.06409864582140778,1.0,permutation,time,46,1.0
3,20000,0.6024101391059028,0.25968783697984743,0.14807102329929211,0.9976694620396871,permutation,time,46,1.0
4,20000,0.5479158879955977,0.24616627376380154,0.09610106017803294,0.9878074303455673,permutation,time,46,1.0
5,20000,0.5138345503673165,0.23295396464035095,0.102055363428312,0.9698245425486953,permutation,time,46,1.0
6,20000,0.4902140365963849,0.2206288410222296,0.0982708807292705,0.9340437151228667,permutation,time,46,1.0
7,20000,0.47400095891326066,0.21108912778054678,0.09770869824816453,0.8941141897540916,permutation,time,46,1.0
8,20000,0.4614520111678249,0.20197182199521366,0.09457926600349847,0.8614371803821135,permutation,time,46,1.0
9,20000,0.4523602201134986,0.1954774812447857,0.09730982710883404,0.8376665336952037,permutation,time,46,1.0
10,20000,0.44496508341344726,0.18968517753166522,0.09715926471570827,0.8142470501028167,permutation,time,46,1.0
11,20000,0.4387439552533564,0.18388570158636913,0.09700401481181271,0.7938880642236299,permutation,time,46,1.0
12,20000,0.4327936389628351,0.17864105684538484,0.09810389668842111,0.7798162713392166,permutation,time,46,1.0
13,20000,0.42875593871477086,0.17359115102206527,0.10108170160711007,0.7661092318562984,permutation,time,46,1.0
14,20000,0.42464985030371755,0.16954045795407652,0.10205082441125085,0.7526045381771703,permutation,time,46,1.0
15,20000,0.42114301729995607,0.16491688241325972,0.10673178102766802,0.7403959671241765,permutation,time,46,1.0
16,20000,0.4182511108901969,0.16091565567096186,0.1079161631761396,0.7282498745010035,permutation,time,46,1.0
17,20000,0.4160349360528285,0.15715886698304718,0.10949099742780302,0.7213746405973457,permutation,time,46,1.0
18,20000,0.41362153388951883,0.15373134242703657,0.11429452069241772,0.7086891811747674,permutation,time,46,1.0
19,20000,0.41142110472465465,0.15076737461243997,0.11763185147083126,0.7027859410037698,permutation,time,46,1.0
20,20000,0.41000187777718766,0.14794299163293745,0.11921443193839149,0.6926527383844231,permutation,time,46,1.0
21,20000,0.40881725345214415,0.14484430846281335,0.1247438742726043,0.6861392083752103,permutation,time,46,1.0
22,20000,0.40774915960507274,0.1416074898755669,0.12810179837701002,0.6825791425726213,permutation,time,46,1.0
23,20000,0.4064091884932742,0.13877507643864676,0.13157689093887928,0.6741177529409402,permutation,time,46,1.0
24,20000,0.40546944105800237,0.13641982524522744,0.13630399282145117,0.6692858137546613,permutation,time,46,1.0
25,20000,0.4042973078697981,0.13405919695343538,0.14005267122011855,0.6631701111840116,permutation,time,46,1.0
26,20000,0.4033597933058863,0.13198538722832415,0.14416379581978825,0.6594601952750874,permutation,time,46,1.0
27,20000,0.40269613154733214,0.12977191102935176,0.1449362642330038,0.652638834099894,permutation,time,46,1.0
28,20000,0.40172984447800114,0.12787100110342922,0.14962752316789513,0.6472810926487383,permutation,time,46,1.0
29,20000,0.4012882117125935,0.125990765983851,0.15141773658869387,0.6435175032062732,permutation,time,46,1.0
30,20000,0.4006916845210108,0.12400462456087401,0.1540948376031409,0.6377873462380161,permutation,time,46,1.0
31,20000,0.40028293363188217,0.12202672573284144,0.15709733145064542,0.6333151558525106,permutation,time,46,1.0
32,20000,0.3995681157635639,0.12036471929238265,0.16040500552593254,0.631502704268625,permutation,time,46,1.0
33,20000,0.39903538536022615,0.11848176852740516,0.16274253321209003,0.6259060966658753,permutation,time,46,1.0
34,20000,0.39867972658312817,0.1168293436279899,0.1644469691312487,0.6208563995503565,permutation,time,46,1.0
35,20000,0.3982019019569377,0.11533033211292372,0.16633378077051786,0.6187011312027613,permutation,time,46,1.0
36,20000,0.39796012146172005,0.11366968485106187,0.16975247103208269,0.614897141573101,permutation,time,46,1.0
37,20000,0.39736532295752997,0.1122318279333769,0.1732128551681268,0.6120242337712627,permutation,time,46,1.0
1,20000,1.0,6.265789574534005e-17,0.9999999999999999,1.0000000000000002,permutation,time,38A,1.0
2,20000,0.6943754437747527,0.3100113461183519,0.043711604266149263,1.0,permutation,time,38A,1.0
3,20000,0.6040001096182115,0.2643757861105222,0.13815561577151134,1.0,permutation,time,38A,1.0
4,20000,0.5476675876071986,0.2511733779758509,0.09327958885451097,0.997460140195211,permutation,time,38A,1.0
5,20000,0.5163147720630715,0.23542412757760992,0.10527934094991748,0.9776284462834455,permutation,time,38A,1.0
6,20000,0.4945161803546507,0.22433586004599695,0.09543036063192453,0.9475168355753564,permutation,time,38A,1.0
7,20000,0.4776885310970538,0.21475339980604677,0.09826140102585797,0.9134641913151684,permutation,time,38A,1.0
8,20000,0.4652827890731087,0.2064228066819317,0.09645023823278287,0.878990230612124,permutation,time,38A,1.0
9,20000,0.45560381506473213,0.19946800366656475,0.09603936459182318,0.8511554045897851,permutation,time,38A,1.0
10,20000,0.4484243425598431,0.19375749096487727,0.09664216772971415,0.8272036686629727,permutation,time,38A,1.0
11,20000,0.4427178774031156,0.1876603488843498,0.09885642144620417,0.8086769129306193,permutation,time,38A,1.0
12,20000,0.43782478436783084,0.1820046628922096,0.09919728835750333,0.7932544884767697,permutation,time,38A,1.0
13,20000,0.43366759992663984,0.17642758828023963,0.1045436849366391,0.777591592030198,permutation,time,38A,1.0
14,20000,0.43063982609386137,0.1721408124636325,0.10498962958226737,0.7639341127872163,permutation,time,38A,1.0
15,20000,0.42795422357469015,0.16754042708542566,0.10671230247892728,0.7537616716437919,permutation,time,38A,1.0
16,20000,0.42509205265900646,0.16358560222639396,0.10953051093340008,0.7411655123194466,permutation,time,38A,1.0
17,20000,0.4228773770712791,0.15986363951791396,0.11320120574378999,0.7331960218795256,permutation,time,38A,1.0
18,20000,0.4209263407100374,0.15663988280435212,0.11685240143244553,0.7217216518625154,permutation,time,38A,1.0
19,20000,0.4190619337179792,0.15311360041334998,0.12028031685836564,0.71352600112427,permutation,time,38A,1.0
20,20000,0.41732118417793734,0.15030114067147193,0.12310182079862304,0.7071750873638888,permutation,time,38A,1.0
21,20000,0.4156571229214522,0.14741694995691063,0.12760742979187306,0.6983333321068707,permutation,time,38A,1.0
22,20000,0.414628731576787,0.14464639592042564,0.13246332823500784,0.6922721987919301,permutation,time,38A,1.0
23,20000,0.413355468265424,0.14188766549929654,0.13485705908099527,0.6849037554780735,permutation,time,38A,1.0
24,20000,0.41266038274038364,0.13949171857971232,0.13782256140476362,0.6792961339715657,permutation,time,38A,1.0
25,20000,0.4120448992576143,0.13765582216269373,0.13914454311286908,0.6781656115828599,permutation,time,38A,1.0
26,20000,0.41111489467381923,0.1348903237675564,0.14261637577188313,0.6722987390583387,permutation,time,38A,1.0
27,20000,0.41033202132052954,0.13289536332407786,0.14362845830663834,0.6669182571884762,permutation,time,38A,1.0
28,20000,0.40970876129192,0.1308197029464345,0.14890259433550446,0.6624504430447111,permutation,time,38A,1.0
29,20000,0.40879399201771877,0.12846590377272915,0.1528239378781676,0.6542228750886222,permutation,time,38A,1.0
30,20000,0.4082275960131329,0.1266389775163834,0.15557624724478666,0.6540947074693579,permutation,time,38A,1.0
31,20000,0.4074245030517681,0.12476357158141006,0.15685328858602826,0.6474212323241085,permutation,time,38A,1.0
32,20000,0.40698353460046227,0.12284365536615827,0.1625769578053561,0.6437745014455061,permutation,time,38A,1.0
33,20000,0.40667343108968307,0.120842032314194,0.16505874844480398,0.6398623686391149,permutation,time,38A,1.0
34,20000,0.40672249361584534,0.1190545540867198,0.16750978642088887,0.6343111434007109,permutation,time,38A,1.0
35,20000,0.4061352014050841,0.11755260481910272,0.17263983958750334,0.6305172369858878,permutation,time,38A,1.0
36,20000,0.40553372108776625,0.11611086194983629,0.17509521613659781,0.6285802005442072,permutation,time,38A,1.0
37,20000,0.40524378851423043,0.11452624655867576,0.17551275858591342,0.6247706071422884,permutation,time,38A,1.0
1,20000,1.0,5.919833844437859e-17,0.9999999999999999,1.0000000000000002,permutation,time,48,0.0
2,20000,0.7179829363986233,0.3070255336760099,0.0920468932683339,1.0,permutation,time,48,0.0
3,20000,0.6379956017818723,0.2696064808237588,0.16235479406618694,1.0,permutation,time,48,0.0
4,20000,0.5940066945951544,0.25855635418046524,0.10675993597647632,1.0,permutation,time,48,0.0
5,20000,0.5675168740830956,0.24185644600868134,0.12698271913449405,0.9999072986589687,permutation,time,48,0.0
6,20000,0.5490704838598142,0.23051631765479916,0.11886307597054308,0.9861813743616769,permutation,time,48,0.0
7,20000,0.5375258284292344,0.2198611148237409,0.12515746599244854,0.9586643943677536,permutation,time,48,0.0
8,20000,0.5290693794014979,0.21182515015674475,0.12259499219079045,0.9391250073341437,permutation,time,48,0.0
9,20000,0.5226991722655239,0.20411693635829722,0.12716205485297086,0.9142974246502706,permutation,time,48,0.0
10,20000,0.5173102463066188,0.1972393462150368,0.1316854783248487,0.8936478030851206,permutation,time,48,0.0
11,20000,0.5133898078492367,0.19105165205116229,0.1390361645102988,0.8731959681450729,permutation,time,48,0.0
12,20000,0.5105223805049901,0.18507367837174282,0.14592598477215593,0.8529519240425497,permutation,time,48,0.0
13,20000,0.5076836252283696,0.1797394647156994,0.153088672899543,0.8432644663208763,permutation,time,48,0.0
14,20000,0.5051971343548006,0.17480367099976774,0.15427826394693805,0.8329489550632466,permutation,time,48,0.0
15,20000,0.5029748317293385,0.169993138242984,0.16253818643438578,0.8215838583690975,permutation,time,48,0.0
16,20000,0.5011290412845067,0.16562446486514246,0.16909316864683904,0.8130399973433959,permutation,time,48,0.0
17,20000,0.499279700300342,0.1614396372877783,0.1744438904717484,0.8044728881616604,permutation,time,48,0.0
18,20000,0.4980002828706307,0.15745323445204606,0.1813719169532306,0.7923070110684519,permutation,time,48,0.0
19,20000,0.4969179636449079,0.15367087570015964,0.1877908690590932,0.7864808275924338,permutation,time,48,0.0
20,20000,0.4959783159265058,0.15001503343477612,0.19193789315658458,0.7781693088794579,permutation,time,48,0.0
21,20000,0.4952925277091558,0.14659473034340686,0.19988182767001625,0.7701017414398342,permutation,time,48,0.0
22,20000,0.4942962388517837,0.1433286276671958,0.205307908804264,0.7644534239928398,permutation,time,48,0.0
23,20000,0.4936218487817443,0.14036099381527983,0.20959229723601877,0.7564610060868465,permutation,time,48,0.0
24,20000,0.49275692838591983,0.1375927955652735,0.21263563785536252,0.7498104536464973,permutation,time,48,0.0
25,20000,0.49218191132791533,0.1355123451619019,0.2130860463262296,0.7458721845094974,permutation,time,48,0.0
26,20000,0.49178849478888476,0.1328677401919615,0.2181469893199542,0.7399918372663241,permutation,time,48,0.0
27,20000,0.4912879848694718,0.1307105764480811,0.2222361387408068,0.7349420991853702,permutation,time,48,0.0
28,20000,0.49067642436537645,0.12827277814978527,0.22912201986935782,0.7305271969435307,permutation,time,48,0.0
29,20000,0.490453584139731,0.12603293668100246,0.23698235799322012,0.7255937971644942,permutation,time,48,0.0
30,20000,0.49006081685759534,0.12422686595400804,0.23814029003544157,0.7216304983547659,permutation,time,48,0.0
31,20000,0.48969001756276365,0.12227798191426274,0.2426243344062263,0.7177292405618958,permutation,time,48,0.0
32,20000,0.4893723053514018,0.120542583072695,0.24594998811377558,0.713651923278459,permutation,time,48,0.0
33,20000,0.48893074650971974,0.11885878744102714,0.24996897373481053,0.712144435840806,permutation,time,48,0.0
34,20000,0.48856494499009495,0.1168967813443153,0.25535725530975417,0.7100031481344617,permutation,time,48,0.0
35,20000,0.4882643140930995,0.11542435423133682,0.2583220821190774,0.7067475400337764,permutation,time,48,0.0
36,20000,0.4879898315439791,0.11404571676503127,0.26128883636039085,0.7038131663441254,permutation,time,48,0.0
37,20000,0.48743482226500967,0.11269553493740575,0.2622010374262841,0.7023498390722692,permutation,time,48,0.0
1,20000,1.0,6.815167504932882e-17,0.9999999999999999,1.0000000000000002,permutation,time,OC3,1.0
2,20000,0.697586953215904,0.31467206621367555,0.011080559465257142,1.0,permutation,time,OC3,1.0
3,20000,0.6142110098605305,0.2642414463894217,0.15456925313801073,1.0,permutation,time,OC3,1.0
4,20000,0.5611962508470295,0.2517154036831515,0.09493356413854287,1.0,permutation,time,OC3,1.0
5,20000,0.5293311663138427,0.2370014969768078,0.1107081437951666,0.9866104983677733,permutation,time,OC3,1.0
6,20000,0.5077740676897758,0.2255798858099268,0.10004001961685784,0.9581593201613844,permutation,time,OC3,1.0
7,20000,0.4923274741938383,0.21611529384999043,0.10038649715320713,0.917503659044087,permutation,time,OC3,1.0
8,20000,0.48107531218693467,0.20761756348983795,0.10304396024564812,0.8879816422629366,permutation,time,OC3,1.0
9,20000,0.4727858310298958,0.19943283035978868,0.10546904082045055,0.8623544189648568,permutation,time,OC3,1.0
10,20000,0.4653793471738143,0.19324652787560365,0.108898790802642,0.8371991738044248,permutation,time,OC3,1.0
11,20000,0.4593393216617792,0.18745130013668868,0.11033209614508753,0.8211869913897912,permutation,time,OC3,1.0
12,20000,0.45548419438114496,0.1817185325035127,0.11274521703304846,0.8052254142805985,permutation,time,OC3,1.0
13,20000,0.4516797868491489,0.1774606612405081,0.11270424534155851,0.7933541000529956,permutation,time,OC3,1.0
14,20000,0.448601694866869,0.17299842576894892,0.11444328562928818,0.782081466557054,permutation,time,OC3,1.0
15,20000,0.44602009322119557,0.1690783616878367,0.11932195276067958,0.7700434697721636,permutation,time,OC3,1.0
16,20000,0.44418064552529785,0.16497772787942247,0.12433973480795629,0.7619815976118852,permutation,time,OC3,1.0
17,20000,0.44209299822905584,0.16143138421608147,0.12779878961221702,0.750740299784314,permutation,time,OC3,1.0
18,20000,0.440228372300115,0.15766073642866274,0.1313655485058048,0.7407905199705995,permutation,time,OC3,1.0
19,20000,0.438703406633908,0.1542550550079649,0.13749924095326638,0.7310833408313535,permutation,time,OC3,1.0
20,20000,0.43712326873207796,0.1510952871768369,0.14013361563228627,0.7241531981258349,permutation,time,OC3,1.0
21,20000,0.4361856817154251,0.14822891998008478,0.14204158980095494,0.7171324878444327,permutation,time,OC3,1.0
22,20000,0.4356157134817257,0.14538101996255445,0.14363172920648223,0.7112340900286279,permutation,time,OC3,1.0
23,20000,0.4348742865014423,0.14276159092913593,0.14884207412829503,0.7047187250545689,permutation,time,OC3,1.0
24,20000,0.4342361071949834,0.14023257180242438,0.15500461240012398,0.7016249632642869,permutation,time,OC3,1.0
25,20000,0.43340924983077456,0.1377360644412809,0.15773317520087596,0.6956885171045883,permutation,time,OC3,1.0
26,20000,0.4330698663707001,0.13553079684543695,0.1629768260259037,0.6928151075997894,permutation,time,OC3,1.0
27,20000,0.4323079790227235,0.13336096765590552,0.16694826510670677,0.6892040884328219,permutation,time,OC3,1.0
28,20000,0.43123526486449065,0.1310995608208219,0.16732068378715342,0.6822996338049776,permutation,time,OC3,1.0
29,20000,0.4308734352222083,0.12880918866998445,0.17315946465414842,0.6769249481073097,permutation,time,OC3,1.0
30,20000,0.4302276848212161,0.12704291252028757,0.17555951134655545,0.6730446775064562,permutation,time,OC3,1.0
31,20000,0.4298924739280228,0.12545739576354845,0.17651752018902514,0.669016094300528,permutation,time,OC3,1.0
32,20000,0.42937009194647763,0.12368747605476825,0.18188376914485951,0.66513349731624,permutation,time,OC3,1.0
33,20000,0.4292025624516111,0.12182772194041644,0.18524555746264937,0.6620581127664737,permutation,time,OC3,1.0
34,20000,0.4290149244365772,0.12018570871509619,0.18692524518033524,0.658653521555068,permutation,time,OC3,1.0
35,20000,0.4285010597935044,0.11878435170102271,0.18666618018484812,0.6539803020257979,permutation,time,OC3,1.0
36,20000,0.4282138192211906,0.11722679081238012,0.18987463449432707,0.6495331643544698,permutation,time,OC3,1.0
37,20000,0.4280247681330593,0.11556914887809354,0.19371054231125517,0.6476326405989088,permutation,time,OC3,1.0
1,20000,1.0,5.678040025573386e-17,0.9999999999999999,1.0000000000000002,permutation,time,35,1.0
2,20000,0.7316008263718111,0.30395582074951616,0.055808240434940086,1.0,permutation,time,35,1.0
3,20000,0.6562118219864668,0.2655783094112495,0.17843773277585995,1.0,permutation,time,35,1.0
4,20000,0.6117956065514197,0.25466178936255984,0.11341315484605878,0.9999992627825052,permutation,time,35,1.0
5,20000,0.585724909619213,0.23989104933890565,0.1367467304128057,0.9954685937753015,permutation,time,35,1.0
6,20000,0.5706518425583993,0.22795765398972725,0.126040404907482,0.9818399388126688,permutation,time,35,1.0
7,20000,0.5597756978117797,0.21757137068411378,0.1326986055123307,0.9598134797277718,permutation,time,35,1.0
8,20000,0.5506366250853697,0.2083287191868639,0.13924940901098856,0.9372323691574327,permutation,time,35,1.0
9,20000,0.5447572083729938,0.19994164969039607,0.14374961041647377,0.9146079448347996,permutation,time,35,1.0
10,20000,0.5390457164481577,0.19305358052179855,0.15034230055445671,0.8972898279329523,permutation,time,35,1.0
11,20000,0.5348683383189069,0.1867673065862444,0.15973609161314636,0.880275767474557,permutation,time,35,1.0
12,20000,0.5318472559327536,0.18093423816862647,0.16586469045699267,0.8676012203501,permutation,time,35,1.0
13,20000,0.5291544065402102,0.17535787612742623,0.1710868251232562,0.851189176754531,permutation,time,35,1.0
14,20000,0.5269855844537962,0.1702251243900193,0.1783159899206435,0.8403901486648,permutation,time,35,1.0
15,20000,0.5253096381400532,0.1653313129297364,0.185742412327806,0.8309191677582953,permutation,time,35,1.0
16,20000,0.5234753934072872,0.1609994844086641,0.1920580836752252,0.8187410106634979,permutation,time,35,1.0
17,20000,0.5225173554731394,0.15684555753466098,0.2017065227625199,0.810489005307346,permutation,time,35,1.0
18,20000,0.5215804613665203,0.15314555768320154,0.20644159110789453,0.8027675124733658,permutation,time,35,1.0
19,20000,0.5207475273970064,0.149364900151471,0.21487785613954555,0.7962882426607479,permutation,time,35,1.0
20,20000,0.5196245455558738,0.14572972835173092,0.22045652179655012,0.7861557593597073,permutation,time,35,1.0
21,20000,0.5184884628972187,0.14227091283561688,0.22483995754295416,0.7799472044196215,permutation,time,35,1.0
22,20000,0.5176250232670072,0.1395326181732576,0.2336264032015004,0.7753531515015297,permutation,time,35,1.0
23,20000,0.5170274039280864,0.13671999286680642,0.23816869129532298,0.7694873422926157,permutation,time,35,1.0
24,20000,0.5162459637831162,0.13407223088153183,0.2403570912700758,0.7637191643512097,permutation,time,35,1.0
25,20000,0.5156607723027088,0.1315552423662062,0.24533189157329843,0.759143155160443,permutation,time,35,1.0
26,20000,0.5155417758722178,0.12922237963655522,0.2503856941132186,0.7545737416435733,permutation,time,35,1.0
27,20000,0.5150308184370329,0.126942073434663,0.25611309231914875,0.7505852151562182,permutation,time,35,1.0
28,20000,0.5147335049769217,0.12453155958119153,0.2620227267265799,0.7449198356205313,permutation,time,35,1.0
29,20000,0.514536313076074,0.12232111386375158,0.26569900010811326,0.7427064754937072,permutation,time,35,1.0
30,20000,0.5141472246648118,0.12049752125326045,0.26927972977469455,0.7370015887932413,permutation,time,35,1.0
31,20000,0.5137567985747257,0.11841545047784174,0.27490716575848595,0.7337502314585685,permutation,time,35,1.0
32,20000,0.5131821442641376,0.11648505726074011,0.27686537341007517,0.7290840343225755,permutation,time,35,1.0
33,20000,0.5128292593998498,0.11473764030884241,0.2790288525021374,0.7257275279789216,permutation,time,35,1.0
34,20000,0.5125216226947021,0.11296253147233437,0.28379277785939083,0.7226210966077588,permutation,time,35,1.0
35,20000,0.512269201937452,0.11117624367620076,0.28705963075301716,0.7195935130070107,permutation,time,35,1.0
36,20000,0.5119923093925015,0.10965253618412887,0.28900826696561693,0.7167251463637434,permutation,time,35,1.0
37,20000,0.511808074004077,0.10806788610330878,0.29435642558898645,0.715359949697525,permutation,time,35,1.0
1,20000,1.0,5.627887383848355e-17,0.9999999999999999,1.0000000000000002,permutation,time,49.1,0.0
2,20000,0.8184650011194519,0.28094691892510404,0.08156234662551282,1.0,permutation,time,49.1,0.0
3,20000,0.7740015595529836,0.2562006731088392,0.2725084897267455,1.0,permutation,time,49.1,0.0
4,20000,0.7502856795300084,0.24286673385453847,0.1990826978498193,1.0,permutation,time,49.1,0.0
5,20000,0.7387134454123445,0.22672766182540424,0.22901809434272782,1.0,permutation,time,49.1,0.0
6,20000,0.7323803628766261,0.21291799352953034,0.26620786536044055,1.0,permutation,time,49.1,0.0
7,20000,0.7274481432602694,0.20138279172382942,0.2781827836178029,0.9999961775313985,permutation,time,49.1,0.0
8,20000,0.7241481840850245,0.19072402225597967,0.29714149151111696,0.9998835929080179,permutation,time,49.1,0.0
9,20000,0.7219225463929481,0.18231880691909796,0.3154903039801568,0.9997111943050448,permutation,time,49.1,0.0
10,20000,0.7196115872126025,0.17451187795918746,0.33314210322298227,0.999003465514603,permutation,time,49.1,0.0
11,20000,0.7181177945634857,0.16731613202414572,0.3492545555647686,0.9981469583597793,permutation,time,49.1,0.0
12,20000,0.7164854439932534,0.16109187662179142,0.36573497919566966,0.9954720150995492,permutation,time,49.1,0.0
13,20000,0.7155087804959541,0.15499471038867144,0.3789784385446704,0.9826206892952332,permutation,time,49.1,0.0
14,20000,0.7146055273750379,0.15006088278526103,0.38559050824507024,0.9737819811322188,permutation,time,49.1,0.0
15,20000,0.7135643456635927,0.14571085281628268,0.39438346967219723,0.9663545403162022,permutation,time,49.1,0.0
16,20000,0.7134651801827795,0.1412917279931351,0.40635554234431803,0.9605911815607016,permutation,time,49.1,0.0
17,20000,0.7131037827012487,0.13749228008490946,0.41505019435297236,0.9554003074292681,permutation,time,49.1,0.0
18,20000,0.712729461780401,0.13359447052528367,0.4250219096519918,0.947041236167584,permutation,time,49.1,0.0
19,20000,0.712942010084697,0.13054420750659654,0.4311749410637309,0.9418095082143173,permutation,time,49.1,0.0
20,20000,0.7126714115445757,0.1273367445262702,0.4374219010543007,0.9352779941351042,permutation,time,49.1,0.0
21,20000,0.7122855751593367,0.12408104987310238,0.44581426579832967,0.928668502028127,permutation,time,49.1,0.0
22,20000,0.7124032623519992,0.12086438826893484,0.45262862066807713,0.925820098245984,permutation,time,49.1,0.0
23,20000,0.7122530096099248,0.11824792234449723,0.45715810234948057,0.9210103164437602,permutation,time,49.1,0.0
24,20000,0.7121475950732757,0.115716684835584,0.46247245427850636,0.9170819411654385,permutation,time,49.1,0.0
25,20000,0.7119970895318279,0.11318010853999566,0.46792258851949026,0.913601319030862,permutation,time,49.1,0.0
26,20000,0.7115139049617462,0.11113534126542378,0.47131039159207305,0.9096567615536233,permutation,time,49.1,0.0
27,20000,0.711576262136577,0.10926506559152055,0.47565511107124164,0.9053354302222177,permutation,time,49.1,0.0
28,20000,0.7113423374916028,0.10733272771682967,0.47961059319199684,0.9009690400110109,permutation,time,49.1,0.0
29,20000,0.711193128232609,0.10541109090664436,0.48462835117892056,0.8991263546001214,permutation,time,49.1,0.0
30,20000,0.7110050502231997,0.10383475407223042,0.4888541931081754,0.8965567856786857,permutation,time,49.1,0.0
31,20000,0.7107896889751312,0.10240941185943453,0.4907852695804373,0.8935865701194498,permutation,time,49.1,0.0
32,20000,0.7106781009526789,0.10090289825682751,0.49530553104408126,0.8912782319658086,permutation,time,49.1,0.0
33,20000,0.7105073062671383,0.09925639577338974,0.5004611517726434,0.8895586608092814,permutation,time,49.1,0.0
34,20000,0.7105874546633588,0.0977475699722187,0.5034859185103479,0.8867311458161524,permutation,time,49.1,0.0
35,20000,0.7104361632383697,0.09654763187325399,0.50632080746452,0.8841660068303339,permutation,time,49.1,0.0
36,20000,0.7101231306822355,0.09534452135658411,0.5081514613096472,0.880476582366685,permutation,time,49.1,0.0
37,20000,0.7097181108417497,0.09399452700054785,0.5112516237302064,0.8782094280955629,permutation,time,49.1,0.0
1,20000,1.0,7.626461235601504e-17,0.9999999999999999,1.0000000000000002,permutation,time,49.2,0.0
2,20000,0.6544044210940346,0.3111551430133186,0.08800641160732965,0.9999859045118201,permutation,time,49.2,0.0
3,20000,0.5498986487990293,0.25006850907091704,0.13771746037433347,0.9955566102840817,permutation,time,49.2,0.0
4,20000,0.48003475986161803,0.23224878971116114,0.0832824135194063,0.9338011627942764,permutation,time,49.2,0.0
5,20000,0.43742678600932106,0.21059110527779115,0.10402257959365155,0.8859756186649141,permutation,time,49.2,0.0
6,20000,0.40502629134423107,0.197839651436496,0.06641194118134519,0.8322746698208727,permutation,time,49.2,0.0
7,20000,0.3805403765740908,0.18486460364677393,0.07489597695909234,0.768890588032364,permutation,time,49.2,0.0
8,20000,0.36143714240751984,0.17422670291044753,0.06829006055201575,0.7234361895787067,permutation,time,49.2,0.0
9,20000,0.34689306750920734,0.1658442719381573,0.07104237044481217,0.6943027883200842,permutation,time,49.2,0.0
10,20000,0.3335497496937233,0.15848531846731234,0.0646431345968287,0.6675324632538001,permutation,time,49.2,0.0
11,20000,0.32232726230015923,0.15301070414286813,0.06397851875610869,0.6425286728411764,permutation,time,49.2,0.0
12,20000,0.3127792643878845,0.14777701720319084,0.06182618227381945,0.6247791744269379,permutation,time,49.2,0.0
13,20000,0.3051522900741781,0.14211359440956398,0.062276975560851176,0.6050315226229568,permutation,time,49.2,0.0
14,20000,0.29820404395748457,0.13836727268827842,0.06117559348573561,0.587541962072515,permutation,time,49.2,0.0
15,20000,0.292338004403563,0.13487991819110282,0.060037971726588375,0.5765786681551771,permutation,time,49.2,0.0
16,20000,0.28661634911627454,0.13157332319694892,0.0604830087366019,0.5647527600776798,permutation,time,49.2,0.0
17,20000,0.28215170626751895,0.1281601541714829,0.06172583322134476,0.5527728157900581,permutation,time,49.2,0.0
18,20000,0.27785110576085464,0.12520475669719408,0.059831315904823774,0.5400973995768646,permutation,time,49.2,0.0
19,20000,0.27413198441598013,0.12242487903981893,0.0600541138411673,0.5282666159404469,permutation,time,49.2,0.0
20,20000,0.2708767227209186,0.1200289960030605,0.060618967545805175,0.5221553642401878,permutation,time,49.2,0.0
21,20000,0.26745082723966807,0.11815599777244883,0.061748746542000965,0.5143152663358246,permutation,time,49.2,0.0
22,20000,0.26482750005173544,0.11622211815972301,0.06183146752799283,0.5088004234240328,permutation,time,49.2,0.0
23,20000,0.26172161686963075,0.11430487980842075,0.05969155235441609,0.5018840339036358,permutation,time,49.2,0.0
24,20000,0.25917710069105904,0.11229157190287611,0.05925978151537983,0.4919493682500659,permutation,time,49.2,0.0
25,20000,0.2569555307803182,0.11042645826610818,0.05875479294476057,0.485827955333844,permutation,time,49.2,0.0
26,20000,0.25482856290972283,0.10874879218691617,0.05809820876480629,0.48049193040558824,permutation,time,49.2,0.0
27,20000,0.25285301902795115,0.10710152953646224,0.06127226416647684,0.4736498052569459,permutation,time,49.2,0.0
28,20000,0.25096892253418784,0.10545904682396229,0.05860046848126504,0.46917884571010576,permutation,time,49.2,0.0
29,20000,0.24928757302644658,0.10374717526384185,0.0606847603395219,0.4666401537069556,permutation,time,49.2,0.0
30,20000,0.24767139504898572,0.10224224140421972,0.06215283536142216,0.4601386688006083,permutation,time,49.2,0.0
31,20000,0.24628617988601909,0.10088947650892245,0.06192610868187839,0.4555773877950922,permutation,time,49.2,0.0
32,20000,0.2449142650783046,0.09951490276498799,0.06447906185559832,0.45144912045973695,permutation,time,49.2,0.0
33,20000,0.24350533847650305,0.0981606223080214,0.06484836580947978,0.44534596186570297,permutation,time,49.2,0.0
34,20000,0.24217972773807134,0.09683525029403586,0.06470043048037498,0.4400907210434787,permutation,time,49.2,0.0
35,20000,0.24106510928669858,0.09598423501096014,0.06494540675118861,0.4385671122994571,permutation,time,49.2,0.0
36,20000,0.24014599807090453,0.09488704238387545,0.0645249104861293,0.4382183372148603,permutation,time,49.2,0.0
37,20000,0.2390060867266419,0.09376159833475255,0.06613747960191237,0.43056317604317046,permutation,time,49.2,0.0
1,20000,1.0,5.043398954198067e-17,0.9999999999999999,1.0000000000000002,permutation,time,49.2,1.0
2,20000,0.8018865690069352,0.2873562473756794,0.07233330329692497,1.0,permutation,time,49.2,1.0
3,20000,0.7510728528362459,0.26429390409573555,0.23139642280715508,1.0,permutation,time,49.2,1.0
4,20000,0.7253627479093903,0.2521016296893489,0.16916719003404962,1.0,permutation,time,49.2,1.0
5,20000,0.7105949590658631,0.23750278826579888,0.20450380755121603,1.0,permutation,time,49.2,1.0
6,20000,0.7002627030589187,0.22563495613627998,0.2079642201910533,1.0,permutation,time,49.2,1.0
7,20000,0.6949084392556099,0.21378306363473615,0.22217282583876738,1.0,permutation,time,49.2,1.0
8,20000,0.6905268490664759,0.2038176324425384,0.2488168580250457,0.9990917322025825,permutation,time,49.2,1.0
9,20000,0.688446416035584,0.19418243555243983,0.26149815741743215,0.9972391626118396,permutation,time,49.2,1.0
10,20000,0.6862427673221879,0.18505724286978256,0.2840486600206967,0.9935732340224208,permutation,time,49.2,1.0
11,20000,0.6852375072905698,0.1772380321446172,0.2992075266544971,0.9868458644514555,permutation,time,49.2,1.0
12,20000,0.6841709462966094,0.17016441706150925,0.3175763828425571,0.9768103710510511,permutation,time,49.2,1.0
13,20000,0.6832569453905643,0.16381868956549672,0.33213730198976615,0.9681652720886718,permutation,time,49.2,1.0
14,20000,0.6822213968543802,0.15846186745163643,0.3387482850705541,0.9586684968733343,permutation,time,49.2,1.0
15,20000,0.6814233402302233,0.15342536139830645,0.35159113282606136,0.9508588853333175,permutation,time,49.2,1.0
16,20000,0.6808963513384839,0.14848668913930113,0.36275989960176724,0.9423371161359427,permutation,time,49.2,1.0
17,20000,0.6805247963819542,0.14444212605754625,0.3722833263615418,0.9353884320110017,permutation,time,49.2,1.0
18,20000,0.6798478480632367,0.1402580794596239,0.3781066658141845,0.9261040919692305,permutation,time,49.2,1.0
19,20000,0.6795627741382745,0.1367731618878085,0.38455960723129134,0.9183803605580858,permutation,time,49.2,1.0
20,20000,0.6793232661195172,0.13332161663489817,0.3929163256299623,0.9133187369719955,permutation,time,49.2,1.0
21,20000,0.6791307446060592,0.13020795166656243,0.40263718384721126,0.9082382010698463,permutation,time,49.2,1.0
22,20000,0.6788575662830348,0.12744893818121883,0.40802131948477766,0.9047935633488957,permutation,time,49.2,1.0
23,20000,0.6787339983922333,0.12468715289277588,0.41394249507379505,0.9007548849039674,permutation,time,49.2,1.0
24,20000,0.6784431500574567,0.12222825614813361,0.41873013629649836,0.8963319011530233,permutation,time,49.2,1.0
25,20000,0.6784996417252988,0.11967165615450558,0.425320640436833,0.8935004735221637,permutation,time,49.2,1.0
26,20000,0.6781533568987351,0.11746291186945129,0.4284886855876885,0.8894569214522086,permutation,time,49.2,1.0
27,20000,0.6779987905099918,0.11522154305454693,0.43420039683703887,0.8861016820235433,permutation,time,49.2,1.0
28,20000,0.6778705468213441,0.1131797344577567,0.4405342003595867,0.8826381287838412,permutation,time,49.2,1.0
29,20000,0.6775702415558283,0.1113209289861803,0.44437238198060736,0.8779913247244137,permutation,time,49.2,1.0
30,20000,0.6773935045931064,0.10943982381391468,0.4481650112322976,0.8751331544693455,permutation,time,49.2,1.0
31,20000,0.6773304636068348,0.10741671942905766,0.4499845527945663,0.871985711336246,permutation,time,49.2,1.0
32,20000,0.6773819569253823,0.10594097269395587,0.45538779424237275,0.8688968490330801,permutation,time,49.2,1.0
33,20000,0.6771422402347461,0.10417178460592844,0.45969371496003514,0.8654816983913339,permutation,time,49.2,1.0
34,20000,0.6770043481915087,0.10263447008460416,0.46462899764259435,0.8634937729577997,permutation,time,49.2,1.0
35,20000,0.6769676933292098,0.10123367837934379,0.4673077335886349,0.8620351671805939,permutation,time,49.2,1.0
36,20000,0.6768801248418271,0.09997540772750554,0.4685529708767243,0.8603340087174107,permutation,time,49.2,1.0
37,20000,0.6766644741405982,0.09874492208888257,0.4709636677155311,0.8572392134645284,permutation,time,49.2,1.0
1,20000,1.0,6.102340685741235e-17,0.9999999999999999,1.0000000000000002,permutation,time,62,0.0
2,20000,0.7139701370872008,0.3088616228495341,0.032168467398188,1.0,permutation,time,62,0.0
3,20000,0.6327906133207701,0.2673614858849365,0.1513446575728504,1.0,permutation,time,62,0.0
4,20000,0.5834055122134194,0.2557329798330527,0.10282116830853097,1.0,permutation,time,62,0.0
5,20000,0.5544707470023457,0.24043778013277728,0.11879549756096683,0.9990756467891699,permutation,time,62,0.0
6,20000,0.5336140534437713,0.2294441593597669,0.11386792459031163,0.9884572968412386,permutation,time,62,0.0
7,20000,0.5193293672004516,0.2201406567773934,0.11034472548339123,0.9534670266250385,permutation,time,62,0.0
8,20000,0.5087244325157915,0.21149249823327324,0.1122537406755346,0.9262688423322226,permutation,time,62,0.0
9,20000,0.5007902714625373,0.20356870658798537,0.1176377168847492,0.8969550382446138,permutation,time,62,0.0
10,20000,0.4946318795615716,0.19693544747463096,0.11922582353272379,0.869767315995581,permutation,time,62,0.0
11,20000,0.48964726910672346,0.18986533693607702,0.12512279376039545,0.8499395067844896,permutation,time,62,0.0
12,20000,0.4860897567713573,0.1843287664770667,0.12720890709301336,0.8361195511878414,permutation,time,62,0.0
13,20000,0.48305053070741844,0.17912718750727716,0.13201584486176426,0.8254334588244119,permutation,time,62,0.0
14,20000,0.48020631432449545,0.1745246799645415,0.13598294482368184,0.8093162874961058,permutation,time,62,0.0
15,20000,0.47744110080647906,0.1701659298362228,0.1379206199119251,0.7991470732340719,permutation,time,62,0.0
16,20000,0.47540287792581365,0.16621553804995332,0.14422964483612358,0.7909215600475765,permutation,time,62,0.0
17,20000,0.47351938398074434,0.16163154611502442,0.15039370911509728,0.7788935367750329,permutation,time,62,0.0
18,20000,0.47208642226177633,0.15775622433900294,0.15974277934196618,0.7715021546077263,permutation,time,62,0.0
19,20000,0.47078138131375724,0.15407309345868875,0.16258290077402704,0.7625428295887705,permutation,time,62,0.0
20,20000,0.4696681762109423,0.1504917988456916,0.1722428114650542,0.7538627197030314,permutation,time,62,0.0
21,20000,0.46849310209718453,0.1476165611009966,0.17555911958017123,0.7459770607525424,permutation,time,62,0.0
22,20000,0.46788197844929846,0.1446616296058967,0.1796093618654004,0.741847472213408,permutation,time,62,0.0
23,20000,0.4670481950255782,0.14195614674125465,0.18467514700914908,0.7336033521461355,permutation,time,62,0.0
24,20000,0.4664321959166448,0.1391962450882504,0.18930677320485886,0.7273425185253883,permutation,time,62,0.0
25,20000,0.4656110732537347,0.13681569969714816,0.19198448969233917,0.7223227523747807,permutation,time,62,0.0
26,20000,0.46517097209141123,0.13453007933062686,0.1957945744791974,0.71683385744535,permutation,time,62,0.0
27,20000,0.46436812350794837,0.1322514142344453,0.2000684689350371,0.7138687649379144,permutation,time,62,0.0
28,20000,0.4636021683720436,0.12999615646028265,0.20051144461847267,0.7078997802898979,permutation,time,62,0.0
29,20000,0.46314839407473035,0.12785741322621536,0.2055295564527038,0.7039906755297041,permutation,time,62,0.0
30,20000,0.46279840364685226,0.1257901645710558,0.20886337908235322,0.7016982227908805,permutation,time,62,0.0
31,20000,0.46225911055482577,0.12379470280290254,0.21134341501503914,0.6974562661622289,permutation,time,62,0.0
32,20000,0.46202548081744255,0.12211524803677427,0.21713095188277373,0.6933682849459634,permutation,time,62,0.0
33,20000,0.4616129734668395,0.12044973007341175,0.2209339093431958,0.6901845852078432,permutation,time,62,0.0
34,20000,0.4611793347637771,0.11866543902303156,0.22374032391969192,0.6856520741619557,permutation,time,62,0.0
35,20000,0.4607907910339103,0.11724833077418467,0.2260474380056488,0.6842042494844921,permutation,time,62,0.0
36,20000,0.4603922787723314,0.11576359880321867,0.23012634540586163,0.681653445465232,permutation,time,62,0.0
37,20000,0.459899051730019,0.11434579354814928,0.23378931885110926,0.6772808055116364,permutation,time,62,0.0
1,20000,1.0,6.005112372260927e-17,0.9999999999999999,1.0000000000000002,permutation,time,67,0.0
2,20000,0.7429791196813504,0.30918456969335484,0.058722028612858884,1.0,permutation,time,67,0.0
3,20000,0.6758869411135942,0.27382036389019293,0.18170058878681636,1.0,permutation,time,67,0.0
4,20000,0.6337803290348824,0.2638788545641864,0.11651599761410561,1.0,permutation,time,67,0.0
5,20000,0.6115467219479364,0.24726842219318448,0.1456131348895111,0.9998752989209778,permutation,time,67,0.0
6,20000,0.5977704367956314,0.23628531627243368,0.13613536304395527,0.9984393155611819,permutation,time,67,0.0
7,20000,0.5875954815962026,0.22596019273970896,0.14083816504132984,0.9895124913638095,permutation,time,67,0.0
8,20000,0.5801407165019933,0.21599294123399118,0.1475777399165102,0.9761286628683595,permutation,time,67,0.0
9,20000,0.5745187268134282,0.2073670469736866,0.1553319682730625,0.9597644036918298,permutation,time,67,0.0
10,20000,0.5701564165200571,0.1987500037270839,0.16537179460341056,0.9389894137177278,permutation,time,67,0.0
11,20000,0.567222527841761,0.19222654707750877,0.17378473304091063,0.9219406216745638,permutation,time,67,0.0
12,20000,0.5645595627981336,0.1857257112686118,0.18366171095462996,0.9074807888630224,permutation,time,67,0.0
13,20000,0.5622967099259909,0.18034028174312994,0.19052065731280998,0.8926163303625921,permutation,time,67,0.0
14,20000,0.5614610210775046,0.1745138486815058,0.2017684173967364,0.8793405146844308,permutation,time,67,0.0
15,20000,0.5603466328510658,0.16996595599275902,0.2083612292828788,0.8689444838567262,permutation,time,67,0.0
16,20000,0.5586597303278071,0.16526509268985443,0.2201427788145738,0.8641959827607035,permutation,time,67,0.0
17,20000,0.5576033396914607,0.16081083608404104,0.22448039115937066,0.8546984700269392,permutation,time,67,0.0
18,20000,0.5560812874300162,0.15695566368173097,0.2297827930507388,0.8465246839284747,permutation,time,67,0.0
19,20000,0.555349187821353,0.1533310805814269,0.23993901867363118,0.8392537285381574,permutation,time,67,0.0
20,20000,0.5547812612100099,0.15008585344265452,0.2440821118196151,0.8326828265361301,permutation,time,67,0.0
21,20000,0.5544667356135339,0.14694852218343446,0.2492556866343938,0.8261257469189479,permutation,time,67,0.0
22,20000,0.5539848761566459,0.14373085167160005,0.2586102793558853,0.8192958542868479,permutation,time,67,0.0
23,20000,0.5535783047895348,0.14122859638166255,0.2657219299183506,0.8130485423554209,permutation,time,67,0.0
24,20000,0.5528548982637637,0.1386800340080767,0.2682992596287263,0.8068905080170296,permutation,time,67,0.0
25,20000,0.5524287864037887,0.13600737045355546,0.2748208426416523,0.801730124835638,permutation,time,67,0.0
26,20000,0.5522425226235164,0.1334338923616614,0.2803689771529776,0.7959150309683094,permutation,time,67,0.0
27,20000,0.5518672799851303,0.13086705543325874,0.28402616948975395,0.7915392755960841,permutation,time,67,0.0
28,20000,0.5516759954388982,0.12888622151913573,0.2886492289072086,0.7879815680673697,permutation,time,67,0.0
29,20000,0.5511312638063928,0.12640058419511127,0.2912118302415367,0.7831390903757122,permutation,time,67,0.0
30,20000,0.5507004827307197,0.12452409663594356,0.296179641000275,0.7801389766134643,permutation,time,67,0.0
31,20000,0.5502390677659217,0.12250301786623455,0.3002553080371909,0.7780031696769477,permutation,time,67,0.0
32,20000,0.5500959769386689,0.12052905062873412,0.30323254243153436,0.7713449103936553,permutation,time,67,0.0
33,20000,0.5500422146603885,0.11872184501633873,0.3073634831213129,0.7688189949929338,permutation,time,67,0.0
34,20000,0.5501894486092332,0.11699527313168114,0.3099507929391872,0.7651657017628088,permutation,time,67,0.0
35,20000,0.5500306279165154,0.11544757737817622,0.3158735586787701,0.7631817053180706,permutation,time,67,0.0
36,20000,0.5497550601869514,0.11366725604658816,0.31931084547551747,0.7597243427154802,permutation,time,67,0.0
37,20000,0.5495190145818557,0.11223838470668797,0.3208765142035812,0.7573072884921862,permutation,time,67,0.0
1,20000,1.0,5.069604937528605e-17,0.9999999999999999,1.0,permutation,time,67,1.0
2,20000,0.7466641746549835,0.3027006304501468,0.09841838003704667,1.0,permutation,time,67,1.0
3,20000,0.67484624342667,0.27081827599644415,0.17803726373048334,1.0,permutation,time,67,1.0
4,20000,0.6342525243511669,0.260755044360393,0.11845437598477043,1.0,permutation,time,67,1.0
5,20000,0.6120073027319635,0.24594596911150923,0.14245126856897722,1.0,permutation,time,67,1.0
6,20000,0.5979547449437195,0.2332958440493776,0.14159074779601055,0.9980864924551025,permutation,time,67,1.0
7,20000,0.5888200619370793,0.22340734852703073,0.1498277929444626,0.9852363611044753,permutation,time,67,1.0
8,20000,0.5811201389492738,0.2141649919462766,0.15092856064975024,0.9704182248714419,permutation,time,67,1.0
9,20000,0.5752596642625311,0.20660524247562223,0.1574211557035382,0.9579391081447212,permutation,time,67,1.0
10,20000,0.5720008808306624,0.19899383283664798,0.16975551567066158,0.9406131674837949,permutation,time,67,1.0
11,20000,0.5682159449770023,0.19169727587195654,0.17879056677994484,0.9222375036266609,permutation,time,67,1.0
12,20000,0.5655235961753627,0.18548971928187843,0.18375661675904412,0.9079942806546175,permutation,time,67,1.0
13,20000,0.5634214910206223,0.17939945347500588,0.19479827549623172,0.8901747195405346,permutation,time,67,1.0
14,20000,0.5617847997767996,0.17405361197741506,0.2039763156519027,0.8762660500415906,permutation,time,67,1.0
15,20000,0.560302413375899,0.16969517879464208,0.21163948779877506,0.8658493185374622,permutation,time,67,1.0
16,20000,0.5585029239665704,0.16492907869062962,0.2184767783958284,0.8576218370212575,permutation,time,67,1.0
17,20000,0.5575234439901082,0.1606183379514001,0.2268599882185122,0.8524957168927053,permutation,time,67,1.0
18,20000,0.5565767861587335,0.15664282065875024,0.23241565984752863,0.844378506497205,permutation,time,67,1.0
19,20000,0.5556376288708702,0.15242392013328726,0.2417807800972144,0.8394691507908231,permutation,time,67,1.0
20,20000,0.5545636572778707,0.149062142839189,0.24519698887436844,0.8288427674050256,permutation,time,67,1.0
21,20000,0.5536749817022617,0.14558313012248156,0.2540572017173987,0.8226978451272926,permutation,time,67,1.0
22,20000,0.5532502919873673,0.14236196107542068,0.2611907545656172,0.8168050165727258,permutation,time,67,1.0
23,20000,0.5524334369193266,0.13967394367457187,0.26868955713448345,0.8103022868555213,permutation,time,67,1.0
24,20000,0.5522720181134924,0.13705909351199075,0.2734193818494237,0.8054550081811945,permutation,time,67,1.0
25,20000,0.551527754376701,0.13462012795666353,0.28017480959675495,0.8012238294424457,permutation,time,67,1.0
26,20000,0.5513660967073637,0.13222468147348715,0.28082862973341416,0.7963235230775185,permutation,time,67,1.0
27,20000,0.5508697830364426,0.12998382721017476,0.28838658983508214,0.7924541568153677,permutation,time,67,1.0
28,20000,0.5505643925460616,0.12757265441743823,0.29104612408159153,0.7888759475317552,permutation,time,67,1.0
29,20000,0.5504975898391807,0.12537172608412084,0.297174743678777,0.7852451714786786,permutation,time,67,1.0
30,20000,0.5505664623278391,0.1235991047561655,0.29978475836326907,0.7816355938270786,permutation,time,67,1.0
31,20000,0.5505706673998384,0.12158941007702843,0.30433277690275123,0.7787420966885106,permutation,time,67,1.0
32,20000,0.5502077962103334,0.11991274931109311,0.305936938238416,0.7758926105363428,permutation,time,67,1.0
33,20000,0.5500356545707336,0.11831527781219607,0.31152747472198145,0.7739045154552202,permutation,time,67,1.0
34,20000,0.5501073522671732,0.11663427655469921,0.3148544567085087,0.7707283238062373,permutation,time,67,1.0
35,20000,0.5500687668696593,0.11496364236312503,0.31902512482411166,0.7656777984877249,permutation,time,67,1.0
36,20000,0.5499137985990219,0.1132052845915444,0.32166737272352924,0.7622456503748418,permutation,time,67,1.0
37,20000,0.5497101164852845,0.11179273250282462,0.3256874655471408,0.7590394965060144,permutation,time,67,1.0
1,20000,1.0,6.253974750242386e-17,0.9999999999999999,1.0000000000000002,permutation,time,49.1,1.0
2,20000,0.70203893557394,0.31695094374052296,0.04184980492778929,1.0,permutation,time,49.1,1.0
3,20000,0.6206668060405691,0.268695332758535,0.1735557016602719,1.0,permutation,time,49.1,1.0
4,20000,0.5695771974465863,0.2602795000968186,0.08576011696082539,1.0,permutation,time,49.1,1.0
5,20000,0.541517162560951,0.24438040593831173,0.11598325680778476,0.9970037809915653,permutation,time,49.1,1.0
6,20000,0.5188807299774928,0.23349728798255906,0.09936447252006314,0.9816099816022353,permutation,time,49.1,1.0
7,20000,0.5045654485632022,0.2237474188731765,0.10894413298586623,0.9516324028071087,permutation,time,49.1,1.0
8,20000,0.49411097253601477,0.2144012528246009,0.1049847467271096,0.9172922354153065,permutation,time,49.1,1.0
9,20000,0.4864665647884739,0.20609773245966825,0.10777976849475424,0.8933822096019072,permutation,time,49.1,1.0
10,20000,0.480583495928461,0.199737458804189,0.10770120643354578,0.8690719877961923,permutation,time,49.1,1.0
11,20000,0.4747642371949698,0.1927708896140281,0.11136753747745,0.8462735513250991,permutation,time,49.1,1.0
12,20000,0.4703698703805921,0.18718742538804384,0.11567134563153501,0.829905774060672,permutation,time,49.1,1.0
13,20000,0.4665713500409371,0.18192156634421078,0.12178402531178037,0.8188933301637847,permutation,time,49.1,1.0
14,20000,0.4633068560651491,0.17741876299271525,0.1228099824595239,0.8053296317459473,permutation,time,49.1,1.0
15,20000,0.4605459884402062,0.17283125052168744,0.1285806460676,0.7939526282339656,permutation,time,49.1,1.0
16,20000,0.4586599642859515,0.16891245052452336,0.12934862917092405,0.7859859300299322,permutation,time,49.1,1.0
17,20000,0.4568472418804882,0.16509631668496874,0.13498526347006978,0.7720305309290111,permutation,time,49.1,1.0
18,20000,0.4555263659302289,0.1611020732645414,0.14061439541968876,0.7636897487576403,permutation,time,49.1,1.0
19,20000,0.45420956942724977,0.15706782406506806,0.14791189431215926,0.755035373503905,permutation,time,49.1,1.0
20,20000,0.45314838012850034,0.15363293089812907,0.1528096997029795,0.7466545261844401,permutation,time,49.1,1.0
21,20000,0.4521366283589492,0.1508974104870956,0.15585196216194588,0.7397341887449017,permutation,time,49.1,1.0
22,20000,0.4512031819509999,0.14782109700391524,0.15797092665627105,0.7316993151065899,permutation,time,49.1,1.0
23,20000,0.4500638878693859,0.14490792666652264,0.16301323985589872,0.7258784716225898,permutation,time,49.1,1.0
24,20000,0.449293791833938,0.14195860524218462,0.1667142699025326,0.7206821840535644,permutation,time,49.1,1.0
25,20000,0.4483266351585817,0.13962269198570468,0.16960560149835313,0.7130458930719571,permutation,time,49.1,1.0
26,20000,0.4477681410077217,0.13738514658539053,0.17750248191496498,0.70920498999501,permutation,time,49.1,1.0
27,20000,0.4468804761483383,0.1351353451017,0.18035817923352682,0.7055356712521221,permutation,time,49.1,1.0
28,20000,0.44627018448543315,0.1331092468159508,0.18628203401179327,0.7006121650450383,permutation,time,49.1,1.0
29,20000,0.4457235777937711,0.13113961467094348,0.1877813911702156,0.6977151578900019,permutation,time,49.1,1.0
30,20000,0.4454354780955105,0.12930113561031287,0.19157579069982708,0.6949953863108991,permutation,time,49.1,1.0
31,20000,0.4450091221583003,0.12728667046154998,0.1935144034694022,0.6891936433100175,permutation,time,49.1,1.0
32,20000,0.4449823363866122,0.12554385605259621,0.1938905427936939,0.6866908360607119,permutation,time,49.1,1.0
33,20000,0.4447602842076172,0.12387576644380877,0.1992630479515411,0.683142363910421,permutation,time,49.1,1.0
34,20000,0.44429283553324184,0.12228266025564373,0.20083600815373645,0.6785513267719985,permutation,time,49.1,1.0
35,20000,0.4439658460833667,0.1205659027006263,0.20597932181280967,0.6732517900255778,permutation,time,49.1,1.0
36,20000,0.4436501504666212,0.11890143807167178,0.20765742681858287,0.6685294250780237,permutation,time,49.1,1.0
37,20000,0.443373858661857,0.11749669796668472,0.21130416094809332,0.6670296292663506,permutation,time,49.1,1.0
1,20000,1.0,5.0926514718849026e-17,0.9999999999999999,1.0,permutation,time,33,1.0
2,20000,0.7386457277430314,0.30146917211772317,0.06315235910696992,1.0,permutation,time,33,1.0
3,20000,0.668099433918761,0.2678180688351481,0.1646789095362246,1.0,permutation,time,33,1.0
4,20000,0.6280818292684238,0.2553328484099654,0.1310513867557103,1.0,permutation,time,33,1.0
5,20000,0.6076995143040331,0.2390574867949106,0.14935113795496094,0.999140222391648,permutation,time,33,1.0
6,20000,0.5925165272568645,0.22900086913138515,0.14029745038833671,0.9938787946797059,permutation,time,33,1.0
7,20000,0.5824203950881252,0.21769318534854418,0.1521083352809721,0.9829058456563802,permutation,time,33,1.0
8,20000,0.5751822145108972,0.2095399649260022,0.15890284034186997,0.9635533304430899,permutation,time,33,1.0
9,20000,0.5700165051488104,0.20086708749002036,0.16389113900071045,0.9427885262462332,permutation,time,33,1.0
10,20000,0.5663512640170285,0.19382039169946416,0.17195114753497232,0.9222537747348453,permutation,time,33,1.0
11,20000,0.5629931270576384,0.18676213867449,0.1816615027470744,0.9036758287633004,permutation,time,33,1.0
12,20000,0.5601032057452853,0.18046729580243998,0.18837073164107182,0.8866918587314695,permutation,time,33,1.0
13,20000,0.5575700985202694,0.1752188717942087,0.19940727608780082,0.8755178828262518,permutation,time,33,1.0
14,20000,0.5549563727333104,0.1698797554225535,0.2029613750338038,0.8643209128561324,permutation,time,33,1.0
15,20000,0.5530151183641153,0.1648405829659696,0.21699556674384385,0.8555426597948581,permutation,time,33,1.0
16,20000,0.5513171636240111,0.1605616797204113,0.2213226889410168,0.8457103568558766,permutation,time,33,1.0
17,20000,0.5500602983108727,0.15685973369698672,0.22999575744353515,0.837510978623673,permutation,time,33,1.0
18,20000,0.5493037635620956,0.15294873891646973,0.2338229785606515,0.8295632409969723,permutation,time,33,1.0
19,20000,0.548157359460614,0.14914895103705628,0.24224356595111615,0.8233577585883219,permutation,time,33,1.0
20,20000,0.5474300942297352,0.14573364390544044,0.24985494449526802,0.8156979228845624,permutation,time,33,1.0
21,20000,0.5467972826718233,0.1427341112473733,0.2565597701977481,0.8102234840012659,permutation,time,33,1.0
22,20000,0.5458944758067515,0.13950967762613198,0.26236873192263754,0.8026054220700136,permutation,time,33,1.0
23,20000,0.5450021440491016,0.13641083834031054,0.26684900238621895,0.7984853833392015,permutation,time,33,1.0
24,20000,0.5443066698483231,0.1337024239382293,0.26987409049140093,0.7918341221749331,permutation,time,33,1.0
25,20000,0.5435497315347289,0.13118789348282567,0.2743321461208237,0.7855684803581733,permutation,time,33,1.0
26,20000,0.5436890491017876,0.12851119901178773,0.27721661941699527,0.7815123060687055,permutation,time,33,1.0
27,20000,0.5438343299157502,0.12608866837418461,0.2824542908116552,0.7758405213235846,permutation,time,33,1.0
28,20000,0.5433542268951309,0.12387634093681235,0.2861820583269316,0.7714906985851379,permutation,time,33,1.0
29,20000,0.5430062563848942,0.12197364397329606,0.29206813757737116,0.7695528793447548,permutation,time,33,1.0
30,20000,0.5427054491369825,0.11992082890840475,0.29608253364999143,0.7651396919855507,permutation,time,33,1.0
31,20000,0.5423104297281361,0.11795777070437549,0.2982769347588488,0.7606974886597304,permutation,time,33,1.0
32,20000,0.5420916311200642,0.11618184639184258,0.3027754003110218,0.7575902942400337,permutation,time,33,1.0
33,20000,0.5417199905525578,0.11436335128478342,0.3060729955932128,0.7559400960201033,permutation,time,33,1.0
34,20000,0.5416556999642771,0.11266721613133208,0.30957351155694474,0.7514793705318007,permutation,time,33,1.0
35,20000,0.5416328241819323,0.11083842391223585,0.31485862824867544,0.7481654481569784,permutation,time,33,1.0
36,20000,0.5415907879849434,0.10908726500708842,0.317128297127297,0.7460061094041534,permutation,time,33,1.0
37,20000,0.5412553745332616,0.10756732904203263,0.32045382524871,0.7428732865333151,permutation,time,33,1.0
1,20000,1.0,6.288372607893557e-17,0.9999999999999999,1.0000000000000002,permutation,time,44,1.0
2,20000,0.7607148880622278,0.3055181355388771,0.08007523024295585,1.0,permutation,time,44,1.0
3,20000,0.6982796792104109,0.267701980793535,0.2218362988786231,1.0,permutation,time,44,1.0
4,20000,0.6580759908391621,0.259625487670629,0.11182843641827168,1.0,permutation,time,44,1.0
5,20000,0.6393378528985099,0.24303394296808892,0.16927485142103935,1.0,permutation,time,44,1.0
6,20000,0.6263104440178353,0.2321220425237587,0.15283092392608794,0.9962353567783369,permutation,time,44,1.0
7,20000,0.6176699230191349,0.22139830340495206,0.15906329687380993,0.9846628734828823,permutation,time,44,1.0
8,20000,0.6106069528782656,0.21081558042942228,0.17165290682089793,0.9725661648109792,permutation,time,44,1.0
9,20000,0.6062894858996662,0.20202225036965515,0.18442520300391485,0.9579744184804045,permutation,time,44,1.0
10,20000,0.6029365626316198,0.19448535335607925,0.19625960168054488,0.9462543461839745,permutation,time,44,1.0
11,20000,0.6010919036866229,0.18665639848711502,0.20813119979839723,0.933377897359136,permutation,time,44,1.0
12,20000,0.5984320838494177,0.1799042978109487,0.22148448116800967,0.9210825942592876,permutation,time,44,1.0
13,20000,0.5966611163550182,0.1738457698709824,0.23322133705377074,0.9096315409830633,permutation,time,44,1.0
14,20000,0.5953864570393178,0.16907586467993496,0.2402257481508266,0.8995661528836411,permutation,time,44,1.0
15,20000,0.5942470616164681,0.16401829208796143,0.24675719181051362,0.8884438693515062,permutation,time,44,1.0
16,20000,0.5933081842483668,0.15939352891621852,0.26018278102704717,0.8796750849929792,permutation,time,44,1.0
17,20000,0.5921339852828302,0.15498132027247102,0.2683277667590956,0.8692295092282434,permutation,time,44,1.0
18,20000,0.5908777316477307,0.15034727477499182,0.280103089447207,0.8609268356607693,permutation,time,44,1.0
19,20000,0.5903497395662731,0.1466907344601567,0.285767767702918,0.8548401492143058,permutation,time,44,1.0
20,20000,0.5897283992760796,0.14336776036647064,0.2922106424996406,0.8491439765637941,permutation,time,44,1.0
21,20000,0.5890505904193011,0.1402978869551803,0.29842205381644976,0.8448892995010623,permutation,time,44,1.0
22,20000,0.5881889082231475,0.13767892579519223,0.2996840449737948,0.8380025166547136,permutation,time,44,1.0
23,20000,0.5875981192188905,0.13478882379018473,0.30850861036839194,0.8339593807283964,permutation,time,44,1.0
24,20000,0.5875469900323691,0.1320844706199611,0.31270496184058794,0.8308619598263787,permutation,time,44,1.0
25,20000,0.5870635875614535,0.129611982784911,0.3163215995724885,0.8259962788809567,permutation,time,44,1.0
26,20000,0.5864961174843717,0.1270317999875905,0.32421504198848267,0.8225444898312059,permutation,time,44,1.0
27,20000,0.5861671481706562,0.12433904102086128,0.3308556811102933,0.8152141099093636,permutation,time,44,1.0
28,20000,0.585851391654209,0.12205037788792064,0.3341495091323947,0.8086364065769752,permutation,time,44,1.0
29,20000,0.5855079767054523,0.12015407799570219,0.3360455686803075,0.8064946591705725,permutation,time,44,1.0
30,20000,0.5848909842862033,0.11802132048571683,0.3403046695344448,0.8032752679021548,permutation,time,44,1.0
31,20000,0.5848032038599924,0.11579477833434643,0.3454098950343953,0.7980957893301662,permutation,time,44,1.0
32,20000,0.5842334971453416,0.11386377065014991,0.3475293268510576,0.791909126191002,permutation,time,44,1.0
33,20000,0.5837037515850141,0.11194297633942904,0.3531167276625957,0.7885568761643449,permutation,time,44,1.0
34,20000,0.5834714422744564,0.11052270463176214,0.35539047518229844,0.7859236925229197,permutation,time,44,1.0
35,20000,0.5831882829348952,0.10902050592336565,0.35786995493254486,0.7818115547211204,permutation,time,44,1.0
36,20000,0.5830334409521422,0.10743897926968632,0.3604151685310218,0.7811837996528997,permutation,time,44,1.0
37,20000,0.5828166505971636,0.1059820203660973,0.36172108708175077,0.7777775255345439,permutation,time,44,1.0
1,20000,1.0,4.853459734602052e-17,0.9999999999999999,1.0,permutation,time,39A,0.0
2,20000,0.6976786060160108,0.31243852759207236,0.04199977640302812,1.0,permutation,time,39A,0.0
3,20000,0.6139867164805831,0.26651651784767477,0.1571166121199245,1.0,permutation,time,39A,0.0
4,20000,0.5609805960739761,0.25338900632245204,0.0996224510970071,1.0,permutation,time,39A,0.0
5,20000,0.5293742243242051,0.2393101451278315,0.10980470062919417,0.9894472056749991,permutation,time,39A,0.0
6,20000,0.5070355879083884,0.22841739215091644,0.0959812638325927,0.9535803776818446,permutation,time,39A,0.0
7,20000,0.4914759258076534,0.21785533547450903,0.1022922708781921,0.918916501815086,permutation,time,39A,0.0
8,20000,0.48075010851912786,0.20937249572739172,0.09543354752252124,0.8901084208150964,permutation,time,39A,0.0
9,20000,0.47336977669676106,0.2008656886820219,0.10328263299523315,0.8666913477703192,permutation,time,39A,0.0
10,20000,0.4664588483733912,0.19407263457192994,0.10506790732140231,0.8423455001544512,permutation,time,39A,0.0
11,20000,0.46075574020505494,0.1874779037437966,0.10932476200101475,0.821812112811551,permutation,time,39A,0.0
12,20000,0.4559329543440962,0.18257285054043076,0.110394653713576,0.8095460052524532,permutation,time,39A,0.0
13,20000,0.45124181878411146,0.17725649833358484,0.11437068168336145,0.7924997687434886,permutation,time,39A,0.0
14,20000,0.4477769941010598,0.1727289567780665,0.11735237361669996,0.7808147900109883,permutation,time,39A,0.0
15,20000,0.44465629002927154,0.16836337579721877,0.11816274519636044,0.7695252720032664,permutation,time,39A,0.0
16,20000,0.4421229113849861,0.16367602856510435,0.12365311252572464,0.7563668285910657,permutation,time,39A,0.0
17,20000,0.44071585535038377,0.1596400157068859,0.12786993431604618,0.7456853815941117,permutation,time,39A,0.0
18,20000,0.43894099138516157,0.1559137552853508,0.13298241934509855,0.7368806024800777,permutation,time,39A,0.0
19,20000,0.4371679001464814,0.15255489813914955,0.13522206692303085,0.7283987345418467,permutation,time,39A,0.0
20,20000,0.4360876648406203,0.14916653928389875,0.1426300562304768,0.7202825732888571,permutation,time,39A,0.0
21,20000,0.4345238087725732,0.14650181923141137,0.14650537526728818,0.7160764722520216,permutation,time,39A,0.0
22,20000,0.4337506565976925,0.14399267676233646,0.14931595761154248,0.7103703689308205,permutation,time,39A,0.0
23,20000,0.43267316877357664,0.1416905211242475,0.1528261192687604,0.7003618084686268,permutation,time,39A,0.0
24,20000,0.431640743065794,0.13938213599075913,0.15581708896913943,0.6971951616305352,permutation,time,39A,0.0
25,20000,0.4311948961521377,0.1369410765884691,0.16087655453562472,0.6916984351499068,permutation,time,39A,0.0
26,20000,0.43077636033444816,0.13437782604139464,0.163576944163632,0.6861952652438938,permutation,time,39A,0.0
27,20000,0.4301065135361815,0.13203628585560748,0.16792894494793428,0.6845171600317571,permutation,time,39A,0.0
28,20000,0.42970897279406983,0.12991866661023022,0.17102266164242336,0.6786750693832927,permutation,time,39A,0.0
29,20000,0.4290332966483564,0.12802598591559863,0.1717784362298013,0.6711630947864154,permutation,time,39A,0.0
30,20000,0.42852737765057136,0.12592145043227526,0.17334771990837977,0.6668126031592873,permutation,time,39A,0.0
31,20000,0.4278992309984942,0.12404629482898977,0.17698554528604754,0.6626221775655535,permutation,time,39A,0.0
32,20000,0.42765439490871104,0.12236354913666507,0.1819488101394394,0.6590290927933021,permutation,time,39A,0.0
33,20000,0.4273021383802012,0.12071975301339558,0.18403077581289304,0.6579753409700485,permutation,time,39A,0.0
34,20000,0.4269431225078814,0.1192151690954964,0.18654106864123512,0.6527996207101137,permutation,time,39A,0.0
35,20000,0.4266635000357597,0.11748864692039306,0.18959802205363407,0.6490551798896151,permutation,time,39A,0.0
36,20000,0.4265092340037513,0.11595509932968011,0.1945372654683718,0.6467191700753631,permutation,time,39A,0.0
37,20000,0.4261505851429918,0.11481497686105338,0.19895442601267282,0.6448461986053111,permutation,time,39A,0.0
1,20000,1.0,6.263821984730575e-17,0.9999999999999999,1.0000000000000002,permutation,time,36,1.0
2,20000,0.7305783657542834,0.30438252605476973,0.042382245658104674,1.0,permutation,time,36,1.0
3,20000,0.6589759066821743,0.2662304630619703,0.1786550517876576,1.0,permutation,time,36,1.0
4,20000,0.6145994709002268,0.2570204102003613,0.11104909108533537,1.0,permutation,time,36,1.0
5,20000,0.5886886293890154,0.2424772118210195,0.1337803273326957,0.9971358909664968,permutation,time,36,1.0
6,20000,0.5722011435807343,0.23020045941610237,0.12593352082850168,0.9848132492505283,permutation,time,36,1.0
7,20000,0.5608521753203648,0.21962903506885395,0.13142621101222005,0.968778178825515,permutation,time,36,1.0
8,20000,0.5521360178524698,0.21077475049520036,0.13097014482260677,0.9441699462905008,permutation,time,36,1.0
9,20000,0.5454923896668862,0.20204627877959416,0.14280924900464756,0.923772715129317,permutation,time,36,1.0
10,20000,0.5411531572985003,0.19436289775692994,0.14826411804052814,0.9001255494040699,permutation,time,36,1.0
11,20000,0.5368495008828625,0.1882150548634409,0.15493801541630803,0.8857683520412074,permutation,time,36,1.0
12,20000,0.533181861701349,0.1822329832925212,0.15964650121157495,0.863971052773583,permutation,time,36,1.0
13,20000,0.5312370615445803,0.1767516296580402,0.168509900538779,0.853193177986198,permutation,time,36,1.0
14,20000,0.5292878842571123,0.1720227372700626,0.17552304407382258,0.8441172690435603,permutation,time,36,1.0
15,20000,0.5272790645744025,0.16711023130892366,0.17964543204486533,0.8348378169880741,permutation,time,36,1.0
16,20000,0.5251940112558432,0.16251928576869126,0.1894401338019467,0.8197469076304327,permutation,time,36,1.0
17,20000,0.5237581654361692,0.15876407399323456,0.1970281831642634,0.8151095655387363,permutation,time,36,1.0
18,20000,0.5221895276193418,0.15444148158293391,0.20120762497461184,0.8040803824705894,permutation,time,36,1.0
19,20000,0.5212111816829913,0.15095789823149391,0.2077195023598454,0.7952335336424488,permutation,time,36,1.0
20,20000,0.5201779012571612,0.14804314255493528,0.21296221986805267,0.7899126977193294,permutation,time,36,1.0
21,20000,0.5193299568747799,0.14467871525429907,0.21945028965869232,0.7823237574388556,permutation,time,36,1.0
22,20000,0.5189832427264875,0.1419275158293978,0.2253691565824387,0.7789948476778433,permutation,time,36,1.0
23,20000,0.517782284615571,0.13884014471263,0.23359896927825108,0.7708047339680009,permutation,time,36,1.0
24,20000,0.5174375788911435,0.13624683272299984,0.23713179663939085,0.7659091986505348,permutation,time,36,1.0
25,20000,0.5170083952944649,0.1332882440310764,0.242946725474626,0.7630750262634656,permutation,time,36,1.0
26,20000,0.5165818945600997,0.1310390316309842,0.24771968968320193,0.7601390115422394,permutation,time,36,1.0
27,20000,0.5163258364180432,0.12869379296088368,0.25202739425638887,0.754373484004678,permutation,time,36,1.0
28,20000,0.5160076781415696,0.12671092329152672,0.25276831801521193,0.752284332728329,permutation,time,36,1.0
29,20000,0.5155900482308813,0.12459976104797697,0.2594961111072285,0.7475546225106219,permutation,time,36,1.0
30,20000,0.5150980686052008,0.12271501287348531,0.26441363805880874,0.7432633027331471,permutation,time,36,1.0
31,20000,0.5147610715532243,0.1205261778945046,0.2704378878284678,0.7404414088115263,permutation,time,36,1.0
32,20000,0.514292508617885,0.11873844978456016,0.27232080603033687,0.7370585711584108,permutation,time,36,1.0
33,20000,0.5142097846337205,0.117077697945208,0.2741161965549681,0.7334836635094371,permutation,time,36,1.0
34,20000,0.514091811895087,0.11569111421721798,0.2799545728442912,0.7301498916400978,permutation,time,36,1.0
35,20000,0.5138609109434777,0.11407571804842104,0.2827595959677599,0.7257272182888912,permutation,time,36,1.0
36,20000,0.513488187174394,0.11255120751451127,0.28450017309559367,0.7242200451892068,permutation,time,36,1.0
37,20000,0.513179661249535,0.1111271899175601,0.28504908411903473,0.7209755187415537,permutation,time,36,1.0
1,20000,1.0,6.094255434511503e-17,0.9999999999999999,1.0000000000000002,permutation,time,62,1.0
2,20000,0.7097516978197418,0.3006010320620068,0.049436612052500606,1.0,permutation,time,62,1.0
3,20000,0.6270710659299877,0.262206001840942,0.13481764038761557,1.0,permutation,time,62,1.0
4,20000,0.577534281763741,0.2504904115408028,0.11073376135202527,1.0,permutation,time,62,1.0
5,20000,0.54740481173889,0.2360879791331624,0.11309518589925553,0.9966831872427206,permutation,time,62,1.0
6,20000,0.5277451323505368,0.2255054544129604,0.11147821187768948,0.9684718165486499,permutation,time,62,1.0
7,20000,0.5135304220499896,0.21552468013928755,0.11670797618765241,0.9365324409345597,permutation,time,62,1.0
8,20000,0.5025426460013663,0.2076154166423028,0.1141556793148051,0.9080519460719987,permutation,time,62,1.0
9,20000,0.49511470845206895,0.20003392947931758,0.11527426354093302,0.8798075504027065,permutation,time,62,1.0
10,20000,0.48857621452986644,0.1932117952107918,0.11788514089861221,0.8586409991678758,permutation,time,62,1.0
11,20000,0.4822198227357107,0.18718447851076314,0.11701656016092774,0.8400288027951932,permutation,time,62,1.0
12,20000,0.47798447988751125,0.18136405145896006,0.12671932200898464,0.8252882318586804,permutation,time,62,1.0
13,20000,0.4746763406260723,0.17630142272345378,0.1299257257010469,0.81068134742878,permutation,time,62,1.0
14,20000,0.4716096333322366,0.17156474609663933,0.13578411212694433,0.7965631635692829,permutation,time,62,1.0
15,20000,0.4689708043399662,0.1672211017675516,0.13648218135851786,0.7865922002093514,permutation,time,62,1.0
16,20000,0.46717196796348265,0.16337282945966103,0.1449350510121005,0.7794703618384728,permutation,time,62,1.0
17,20000,0.4654366964180619,0.1595723624286854,0.14948047735796868,0.7715059328635396,permutation,time,62,1.0
18,20000,0.4640658211262702,0.1561209349780305,0.15515787896993377,0.761634912760044,permutation,time,62,1.0
19,20000,0.46232941668944605,0.1521481956085789,0.15842300504021836,0.753071155591558,permutation,time,62,1.0
20,20000,0.46100174079006845,0.14866232646210972,0.16516389884625926,0.7486109775978211,permutation,time,62,1.0
21,20000,0.45983007992741515,0.14528102220242253,0.16844715170915922,0.7379324689967228,permutation,time,62,1.0
22,20000,0.45889276303083204,0.14205882412503304,0.1754296159147895,0.7310640627888623,permutation,time,62,1.0
23,20000,0.4579548919214934,0.1394840186637616,0.17845368494257116,0.7251948126599058,permutation,time,62,1.0
24,20000,0.45666268909355684,0.13716555209870088,0.18227784751416332,0.7184956791001752,permutation,time,62,1.0
25,20000,0.4562219876729285,0.13465572227730307,0.18385063802758572,0.7120363292067833,permutation,time,62,1.0
26,20000,0.45553386984424743,0.13218509412855456,0.18735759858289128,0.7067311702598335,permutation,time,62,1.0
27,20000,0.454487033801404,0.12994721636110562,0.19040162552574835,0.7029047930923762,permutation,time,62,1.0
28,20000,0.4537120075019149,0.12783629815017578,0.1941287967621514,0.6964096361943931,permutation,time,62,1.0
29,20000,0.45339963075233125,0.12600129210944888,0.19814489797649498,0.690842533347989,permutation,time,62,1.0
30,20000,0.4530944235041452,0.1241401094552675,0.20229552154946376,0.6876720391478226,permutation,time,62,1.0
31,20000,0.4527018709199983,0.12241079835642574,0.20587867519597325,0.6842812070708255,permutation,time,62,1.0
32,20000,0.45242252541199085,0.12063005404106944,0.21084533553193482,0.6807586157998927,permutation,time,62,1.0
33,20000,0.45219318521249185,0.11891920813758274,0.21256187869131657,0.6778990089960335,permutation,time,62,1.0
34,20000,0.4519546180710443,0.11725657252120698,0.21770507044087764,0.674214566879716,permutation,time,62,1.0
35,20000,0.45177151091218676,0.11591150417014837,0.21902341686628438,0.6718133085989265,permutation,time,62,1.0
36,20000,0.45135816944431206,0.11425910911208698,0.22149914649187163,0.667164979097412,permutation,time,62,1.0
37,20000,0.45108620486680623,0.11262806049999378,0.22600833245875848,0.6662803491522871,permutation,time,62,1.0
1,20000,1.0,5.589426314591041e-17,0.9999999999999999,1.0000000000000002,permutation,time,44,0.0
2,20000,0.7619457935294581,0.30785485530539725,0.056592012424436414,1.0,permutation,time,44,0.0
3,20000,0.7037667272866184,0.2729018088166666,0.21455713346101338,1.0,permutation,time,44,0.0
4,20000,0.669792523081964,0.2615005293665327,0.11974880503054101,1.0,permutation,time,44,0.0
5,20000,0.6516218871747639,0.24648682033303554,0.16933865456430747,1.0,permutation,time,44,0.0
6,20000,0.6390509001318069,0.23397284197019907,0.158074559942283,1.0,permutation,time,44,0.0
7,20000,0.6311277084198469,0.2227661912646679,0.1719479295553747,0.9973979632010759,permutation,time,44,0.0
8,20000,0.6245156434495117,0.21363538739270432,0.18280993024572628,0.9932070327374417,permutation,time,44,0.0
9,20000,0.6204951885845524,0.2040552821826818,0.18923997368659765,0.9791101415183662,permutation,time,44,0.0
10,20000,0.6170037307301142,0.19567078352053052,0.21207985483531405,0.9628863014000933,permutation,time,44,0.0
11,20000,0.614148764732097,0.18865925667377859,0.22084391907744005,0.952719851522512,permutation,time,44,0.0
12,20000,0.6125867718672876,0.18158909156593922,0.2293771382592208,0.9378632346721059,permutation,time,44,0.0
13,20000,0.61115320486237,0.1756840867286392,0.24088140344008316,0.926973991250452,permutation,time,44,0.0
14,20000,0.6103563669569918,0.16999045780632638,0.25099341899525074,0.9162065727256135,permutation,time,44,0.0
15,20000,0.609306420862104,0.1643802056095082,0.26425477126696445,0.903160730947685,permutation,time,44,0.0
16,20000,0.6082670991187665,0.15984281855931598,0.2740272338084402,0.8927264272597338,permutation,time,44,0.0
17,20000,0.6074950890602083,0.15535778379588994,0.2851727556654852,0.8874303409405702,permutation,time,44,0.0
18,20000,0.6067598600771024,0.1512083753909274,0.29229141888738247,0.8813973945406017,permutation,time,44,0.0
19,20000,0.6062264589755163,0.14752924110808546,0.29701177060374867,0.8740035665470512,permutation,time,44,0.0
20,20000,0.6056605696371692,0.143986801677628,0.30580963925082855,0.8671432310608419,permutation,time,44,0.0
21,20000,0.605051981693663,0.14068896806891568,0.31022561022325496,0.8614589998679346,permutation,time,44,0.0
22,20000,0.6044799731990843,0.13767205532276505,0.31800720162323537,0.8560403086162124,permutation,time,44,0.0
23,20000,0.6040661106322108,0.1349804307497548,0.32263355626975143,0.8489306623409633,permutation,time,44,0.0
24,20000,0.6036938269918135,0.13267589566244875,0.3298596148788547,0.8445757852706646,permutation,time,44,0.0
25,20000,0.6032011392921259,0.1302214482768622,0.3324622831953174,0.8389058289778578,permutation,time,44,0.0
26,20000,0.6028531860812072,0.1280427722657985,0.33805508805726414,0.8377946103090449,permutation,time,44,0.0
27,20000,0.6023859639240083,0.12573673149079242,0.34192372530409476,0.8316032004880564,permutation,time,44,0.0
28,20000,0.6021459154096284,0.1234564633212669,0.3489969967372435,0.8268382779205093,permutation,time,44,0.0
29,20000,0.6021185425552271,0.12142018028571105,0.3504476337758294,0.8242114041841161,permutation,time,44,0.0
30,20000,0.6020446911612218,0.11934457625881613,0.35728518301906176,0.8198103853946109,permutation,time,44,0.0
31,20000,0.6017113124750987,0.11742521166812064,0.3599432744430036,0.8143248691952589,permutation,time,44,0.0
32,20000,0.6014437848042888,0.1156298862257135,0.363976145281117,0.810948688026884,permutation,time,44,0.0
33,20000,0.6014038837218417,0.11399219536679485,0.3673300510664661,0.8090032036355788,permutation,time,44,0.0
34,20000,0.6011135125144313,0.11229161868654504,0.3712930315606883,0.8054933882024927,permutation,time,44,0.0
35,20000,0.6007721898386263,0.11045208025664618,0.3734661202392056,0.8036955225705569,permutation,time,44,0.0
36,20000,0.6007881180712722,0.10883460863945946,0.37830289515242427,0.8011209544187199,permutation,time,44,0.0
37,20000,0.6007466513616495,0.10741274250931372,0.38255868075448607,0.7986897672409461,permutation,time,44,0.0
1,20000,1.0,5.562899324534226e-17,0.9999999999999999,1.0000000000000002,permutation,time,OC2,0.0
2,20000,0.7036234922648725,0.3162487156231034,0.05026422484992655,1.0,permutation,time,OC2,0.0
3,20000,0.6242742345261336,0.2687424913365725,0.15522425493801634,1.0,permutation,time,OC2,0.0
4,20000,0.5726027931479591,0.2577040879186878,0.09516664342506555,0.999812927369503,permutation,time,OC2,0.0
5,20000,0.5421209421005022,0.2422670389130315,0.11532555620810134,0.9932062335492085,permutation,time,OC2,0.0
6,20000,0.5226426442141804,0.2314879999848334,0.09898742844829972,0.9687538760440951,permutation,time,OC2,0.0
7,20000,0.5074423621871862,0.22159367344968195,0.10468695575385932,0.94533002393571,permutation,time,OC2,0.0
8,20000,0.49704847632026483,0.21322324306877474,0.10556709226640665,0.9185044542498926,permutation,time,OC2,0.0
9,20000,0.4883510626327415,0.20586749791851974,0.10464459106568419,0.8873632004605309,permutation,time,OC2,0.0
10,20000,0.4819337057608849,0.19832213361352605,0.10846238730221518,0.8629840995554034,permutation,time,OC2,0.0
11,20000,0.4774514124512247,0.19245073985481367,0.11139993274147424,0.8438064914719711,permutation,time,OC2,0.0
12,20000,0.4739651292259995,0.18635405884964196,0.11689044875991762,0.8295863863083639,permutation,time,OC2,0.0
13,20000,0.47085997743794267,0.18062973726556975,0.11991727634435216,0.8151576258778024,permutation,time,OC2,0.0
14,20000,0.46834708646932816,0.17631320884791304,0.12366364563876514,0.804105465706124,permutation,time,OC2,0.0
15,20000,0.46630109475201514,0.17214397460793862,0.1294665625821927,0.7931527671029425,permutation,time,OC2,0.0
16,20000,0.46418669809707536,0.167818476585923,0.13383238224330168,0.7828304980729294,permutation,time,OC2,0.0
17,20000,0.4623970688676077,0.16349045786621505,0.13950114948668343,0.7691838095049973,permutation,time,OC2,0.0
18,20000,0.46072906724981066,0.15952842739183834,0.1471571529140407,0.7588114145787351,permutation,time,OC2,0.0
19,20000,0.45939739174815347,0.1561425123060924,0.14561413413989763,0.7539160046216493,permutation,time,OC2,0.0
20,20000,0.4579681267726866,0.15302563294040625,0.15200864631421576,0.7479321261101612,permutation,time,OC2,0.0
21,20000,0.45693802602661,0.14917878571350435,0.15802244169504415,0.7387073349846356,permutation,time,OC2,0.0
22,20000,0.4560601424849715,0.14657023086205215,0.16443781799259605,0.7332493748409419,permutation,time,OC2,0.0
23,20000,0.45511098954399065,0.14389763563752275,0.16750328774542866,0.7270751223098366,permutation,time,OC2,0.0
24,20000,0.454476196365946,0.14105988780351644,0.17261999963158955,0.7187891036420938,permutation,time,OC2,0.0
25,20000,0.4536142059782306,0.1386339141979358,0.17606683165951453,0.7138348020538652,permutation,time,OC2,0.0
26,20000,0.45272538758308273,0.1362762394784374,0.1775520092665181,0.7122719215918341,permutation,time,OC2,0.0
27,20000,0.45210048238509726,0.1340681786832165,0.18337979687017994,0.7058265402902254,permutation,time,OC2,0.0
28,20000,0.4514959323264966,0.1318094057296524,0.18743301529328016,0.7022569340260721,permutation,time,OC2,0.0
29,20000,0.4513528038613449,0.12984920083573748,0.18965765792260653,0.6983650934841311,permutation,time,OC2,0.0
30,20000,0.45107432200089786,0.12778037358097225,0.19388270444084132,0.6951906329915579,permutation,time,OC2,0.0
31,20000,0.4507540918549179,0.12574244909368845,0.19786248070707066,0.6899460641098621,permutation,time,OC2,0.0
32,20000,0.45042131617047887,0.12397793019650377,0.20319136839283078,0.6866196500231225,permutation,time,OC2,0.0
33,20000,0.45013192108997635,0.1222057773926416,0.20503725634123776,0.6798956597175306,permutation,time,OC2,0.0
34,20000,0.4496280366361812,0.12051211561619438,0.2094799624719979,0.6793883943996819,permutation,time,OC2,0.0
35,20000,0.4491652851026363,0.11885096312386775,0.21192166076797667,0.6756457835223512,permutation,time,OC2,0.0
36,20000,0.4492645567041899,0.117268066993879,0.2116727092489273,0.6731630640984444,permutation,time,OC2,0.0
37,20000,0.4492502834529627,0.11571156844840708,0.2159117820368295,0.6692203596431536,permutation,time,OC2,0.0
1,20000,1.0,3.1126648432439475e-17,0.9999999999999999,1.0,permutation,time,31,0.0
2,20000,0.8968619283125159,0.2474601760430128,0.05195732727176703,1.0,permutation,time,31,0.0
3,20000,0.8784318250250682,0.2226137491495491,0.3342830397846132,1.0,permutation,time,31,0.0
4,20000,0.869529917650229,0.2068788781020098,0.3741282510594044,1.0,permutation,time,31,0.0
5,20000,0.8650015001793606,0.19046788070680667,0.37346628267673726,1.0,permutation,time,31,0.0
6,20000,0.8625183404196548,0.17729884869573848,0.4103789094547628,1.0,permutation,time,31,0.0
7,20000,0.8619026694228842,0.16459522942766483,0.44699183629789646,1.0,permutation,time,31,0.0
8,20000,0.8613475623596056,0.15531312870599295,0.501011300958258,1.0,permutation,time,31,0.0
9,20000,0.8599478757487199,0.14762061389129105,0.5142956375457164,1.0,permutation,time,31,0.0
10,20000,0.8593947587752787,0.14046890929880507,0.5233491847244219,1.0,permutation,time,31,0.0
11,20000,0.8588573427252115,0.1340778346904014,0.5395358840148244,1.0,permutation,time,31,0.0
12,20000,0.8583575923706612,0.12866093526448433,0.5561863837045995,1.0,permutation,time,31,0.0
13,20000,0.8577392676873418,0.12402411236742389,0.568551803506673,1.0,permutation,time,31,0.0
14,20000,0.8574291657922332,0.11951813774277835,0.580573361867646,1.0,permutation,time,31,0.0
15,20000,0.8573479660084722,0.11579353394011506,0.5945845688632613,1.0,permutation,time,31,0.0
16,20000,0.857022403156795,0.11233169293569423,0.5995755316262685,1.0,permutation,time,31,0.0
17,20000,0.85667868955942,0.10943043623735266,0.605820908852697,1.0,permutation,time,31,0.0
18,20000,0.856522825728458,0.10655445012867862,0.612128027634902,1.0,permutation,time,31,0.0
19,20000,0.8564909348420955,0.10370174448437375,0.6222398606586996,1.0,permutation,time,31,0.0
20,20000,0.8563801659924928,0.10129684912235844,0.6262046953616188,1.0,permutation,time,31,0.0
21,20000,0.8562944454354885,0.09864141124728783,0.6335774026632591,1.0,permutation,time,31,0.0
22,20000,0.8565022897321222,0.09640722321747235,0.6410419833891663,1.0,permutation,time,31,0.0
23,20000,0.8563197649511775,0.09430149604985842,0.6476810624297286,1.0,permutation,time,31,0.0
24,20000,0.85635128504923,0.09222519781814732,0.6497617331168761,1.0,permutation,time,31,0.0
25,20000,0.8560041125018374,0.0905434073594911,0.6547372610190225,0.9999985558986388,permutation,time,31,0.0
26,20000,0.8557504844224888,0.08879118125267259,0.6599195211361137,0.9998446474530053,permutation,time,31,0.0
27,20000,0.8555901497851682,0.08750146927287882,0.6622214012969315,0.9996704554404554,permutation,time,31,0.0
28,20000,0.855488401694429,0.08600485916098354,0.6651913196468061,0.9985162892812879,permutation,time,31,0.0
29,20000,0.8556373962169346,0.08459705883975527,0.6670796887115052,0.9979175828356257,permutation,time,31,0.0
30,20000,0.8555587452038504,0.08322317829665521,0.6703428050377813,0.9961138963350934,permutation,time,31,0.0
31,20000,0.855455194952778,0.08175220398452901,0.6746580004269521,0.9949918151079754,permutation,time,31,0.0
32,20000,0.8554286861884645,0.08038970966773613,0.678553480863291,0.9937792889156556,permutation,time,31,0.0
33,20000,0.8552578883722667,0.07917559009026205,0.6808183929630109,0.9931652729284102,permutation,time,31,0.0
34,20000,0.8553499356700819,0.0779288072057428,0.6834056546111591,0.9919591569563958,permutation,time,31,0.0
35,20000,0.855331869528961,0.07669081040395796,0.6853620946195288,0.989218509505206,permutation,time,31,0.0
36,20000,0.8553117260400864,0.07560932863705147,0.6881888314864603,0.9873843186858399,permutation,time,31,0.0
37,20000,0.8551873982218247,0.07472966027834524,0.6905005442420915,0.9840906802589166,permutation,time,31,0.0
1,20000,1.0,4.650479922299502e-17,0.9999999999999999,1.0000000000000002,permutation,time,34A,0.0
2,20000,0.7356108009525244,0.3123866668758303,0.0700738388318808,1.0,permutation,time,34A,0.0
3,20000,0.6665248791602104,0.27322396624973094,0.18414587143312036,1.0,permutation,time,34A,0.0
4,20000,0.6230604899176827,0.26344830339969155,0.106462692125632,1.0,permutation,time,34A,0.0
5,20000,0.5989699703286827,0.24865394045510675,0.13590266631025308,1.0,permutation,time,34A,0.0
6,20000,0.5838155892638188,0.23689897277768315,0.1250163209040564,0.9967468415282482,permutation,time,34A,0.0
7,20000,0.5736401882268156,0.22545404356996185,0.13462112411550076,0.9917007169391675,permutation,time,34A,0.0
8,20000,0.5651946374659039,0.2161014342998575,0.13863325518587136,0.977020394805157,permutation,time,34A,0.0
9,20000,0.559107099148722,0.20785233438599568,0.14908826982919585,0.95767283812894,permutation,time,34A,0.0
10,20000,0.5549312216933483,0.19987000894865156,0.15791936191907419,0.9310250158918775,permutation,time,34A,0.0
11,20000,0.5517854535475272,0.19248633016546424,0.16529389307042197,0.907745633150995,permutation,time,34A,0.0
12,20000,0.5483703208135589,0.18605896060251362,0.17226142927416352,0.8937356255561884,permutation,time,34A,0.0
13,20000,0.5455685601800533,0.1806563197745169,0.17828003857639924,0.8797408886390266,permutation,time,34A,0.0
14,20000,0.5435760280900555,0.17549232043053226,0.18448030431442236,0.8674771049264448,permutation,time,34A,0.0
15,20000,0.5415089903229902,0.1705561269274611,0.19328752488341827,0.8566996467080382,permutation,time,34A,0.0
16,20000,0.5394900238498122,0.165931191642618,0.20183229694932264,0.8470465100443005,permutation,time,34A,0.0
17,20000,0.5380166517663143,0.16153623337371184,0.20545357266922457,0.8360572940884914,permutation,time,34A,0.0
18,20000,0.5372114770212758,0.15753594914289307,0.2123729357756935,0.8264304517381426,permutation,time,34A,0.0
19,20000,0.5363715515111087,0.1532032446883362,0.22377650501638957,0.820899100401519,permutation,time,34A,0.0
20,20000,0.535161970557832,0.15004778280867376,0.229213643985913,0.8117378095446433,permutation,time,34A,0.0
21,20000,0.5344852952872585,0.14684511037052164,0.2328633936786547,0.8056570797392585,permutation,time,34A,0.0
22,20000,0.5340280224349546,0.14368895037095814,0.23705355394191144,0.8009486986985478,permutation,time,34A,0.0
23,20000,0.5336676001181925,0.14102268767843248,0.24579637421715378,0.794773743243983,permutation,time,34A,0.0
24,20000,0.5328615112888594,0.13785874623233763,0.2515217465287204,0.7897648636241463,permutation,time,34A,0.0
25,20000,0.5321185614724951,0.1352165686103351,0.25592588143860656,0.7837226847200183,permutation,time,34A,0.0
26,20000,0.5317989353272553,0.13267135882357967,0.2603242751936975,0.778861922901269,permutation,time,34A,0.0
27,20000,0.53115789365811,0.13019132016781298,0.26441530898721183,0.7755888091026464,permutation,time,34A,0.0
28,20000,0.530615149463574,0.1280734466282088,0.2653977540319829,0.7716277790900343,permutation,time,34A,0.0
29,20000,0.5304243947103019,0.1260499603361706,0.2734800386666534,0.7671674997652215,permutation,time,34A,0.0
30,20000,0.5305138585109462,0.12383939558016557,0.2782932787256714,0.7624161006589611,permutation,time,34A,0.0
31,20000,0.530252422053338,0.12191226905273501,0.28365204103962155,0.7591748107138641,permutation,time,34A,0.0
32,20000,0.5300681828970264,0.11995017610613701,0.2870929710797365,0.7561554368482599,permutation,time,34A,0.0
33,20000,0.5298588486814402,0.11807696085997876,0.2910796646858445,0.7536639370372583,permutation,time,34A,0.0
34,20000,0.5296765343290404,0.11646743840387164,0.2944192864778742,0.7482789588991047,permutation,time,34A,0.0
35,20000,0.5293894704227801,0.11504605873404668,0.29561423179162355,0.7450067977616832,permutation,time,34A,0.0
36,20000,0.529149161197624,0.11362110757875792,0.2987752472583818,0.7428174180140905,permutation,time,34A,0.0
37,20000,0.5290157681140281,0.1120187791332003,0.3015917840760565,0.7385556107639164,permutation,time,34A,0.0
1,20000,1.0,6.481430679271467e-17,0.9999999999999999,1.0000000000000002,permutation,time,31,1.0
2,20000,0.7163389221690845,0.3046726855504516,0.0528084134393638,1.0,permutation,time,31,1.0
3,20000,0.6353464509095121,0.26583179636964205,0.16068827661235507,1.0,permutation,time,31,1.0
4,20000,0.5875693389617301,0.2542253219961984,0.10833790238148448,0.9998297275935745,permutation,time,31,1.0
5,20000,0.5617282269498677,0.23782966871533007,0.12467434136465731,0.9958434275629504,permutation,time,31,1.0
6,20000,0.5431110552444555,0.22820174684391367,0.11597410864364499,0.982931742146606,permutation,time,31,1.0
7,20000,0.5302947288768761,0.21816959076315295,0.1204859495105353,0.9435785410781055,permutation,time,31,1.0
8,20000,0.5198623850771507,0.21009990718221613,0.11998840019248516,0.9216173277372053,permutation,time,31,1.0
9,20000,0.5117087536001637,0.20243734899097135,0.1255414818415929,0.8982038886467182,permutation,time,31,1.0
10,20000,0.5051267729693154,0.19558170469956163,0.1269662913005218,0.8735294819786638,permutation,time,31,1.0
11,20000,0.5004808131783467,0.18890150198323805,0.1300947700080177,0.8574787049552539,permutation,time,31,1.0
12,20000,0.4964004310714191,0.18301593321198895,0.1372178780732337,0.8396203547915374,permutation,time,31,1.0
13,20000,0.49339113042147764,0.17765238917464768,0.14333755075519833,0.8269008932879258,permutation,time,31,1.0
14,20000,0.4910226062587852,0.17321664004413392,0.14755851637262588,0.8179012597729776,permutation,time,31,1.0
15,20000,0.48882686321466856,0.1683095297635868,0.15447959031480388,0.8065134116431568,permutation,time,31,1.0
16,20000,0.48689605697324223,0.16397185973057654,0.15932130572573738,0.7962685561376753,permutation,time,31,1.0
17,20000,0.4854384262923395,0.15975344182704931,0.16403751447946016,0.7866390253081554,permutation,time,31,1.0
18,20000,0.48367558959356466,0.15614702066857725,0.1673757569966284,0.7777620229920112,permutation,time,31,1.0
19,20000,0.4819989486159421,0.152472522663696,0.17310020052309788,0.7698705972605908,permutation,time,31,1.0
20,20000,0.48110142843653514,0.14930553653720455,0.1809627463284055,0.7624774912895789,permutation,time,31,1.0
21,20000,0.47998718432060794,0.14606495601203826,0.1868845217928432,0.7558410128913879,permutation,time,31,1.0
22,20000,0.47923173047182765,0.14305352169197313,0.19180174903264094,0.7483203379078132,permutation,time,31,1.0
23,20000,0.4782955919111626,0.14007077368182289,0.19677494059344092,0.7419821282719019,permutation,time,31,1.0
24,20000,0.4776590682831878,0.13751416080993156,0.20233468857226886,0.7368870959952158,permutation,time,31,1.0
25,20000,0.47711833880927845,0.13493398568026196,0.20698132719619733,0.7301354947744217,permutation,time,31,1.0
26,20000,0.4764140328400468,0.13266903420436965,0.20861655217028824,0.7248481147689649,permutation,time,31,1.0
27,20000,0.4758625087906832,0.1305459954469058,0.21310220686352513,0.7214114125112804,permutation,time,31,1.0
28,20000,0.47501537607544425,0.12828321492259945,0.21581269392560964,0.7172664608708966,permutation,time,31,1.0
29,20000,0.47447284251253097,0.12629170557596744,0.2212985369660596,0.7127967256925442,permutation,time,31,1.0
30,20000,0.4739671266614232,0.12404749735698542,0.22512917155514567,0.7088516421985488,permutation,time,31,1.0
31,20000,0.47356131998890466,0.12231643832678464,0.22764131087609074,0.705359866142895,permutation,time,31,1.0
32,20000,0.47321198124333713,0.12055364824720961,0.230069404217325,0.7009556562717921,permutation,time,31,1.0
33,20000,0.47273120014031866,0.11894757288892388,0.23544620116712425,0.696953695932851,permutation,time,31,1.0
34,20000,0.4725164735893135,0.11724191471654621,0.2389274002893864,0.691462740553989,permutation,time,31,1.0
35,20000,0.47210336487323573,0.11542391316775352,0.2409490291030705,0.6875891547962789,permutation,time,31,1.0
36,20000,0.4716936990005391,0.11370974908071264,0.24381745439538252,0.6858862569623942,permutation,time,31,1.0
37,20000,0.47159509432839825,0.11215710595004968,0.24835466498638278,0.6836942099065956,permutation,time,31,1.0
1,20000,1.0,5.1665445845747616e-17,0.9999999999999999,1.0,permutation,time,34A,1.0
2,20000,0.7197220935724641,0.3128521292979788,0.07239647512529544,1.0,permutation,time,34A,1.0
3,20000,0.6418625858644845,0.272302869710659,0.17497904745431658,1.0,permutation,time,34A,1.0
4,20000,0.594089660097011,0.2621184077965201,0.10414579071807634,1.0,permutation,time,34A,1.0
5,20000,0.5672138604422032,0.24632284774352436,0.12153685876918062,0.9999561347087278,permutation,time,34A,1.0
6,20000,0.54983316068641,0.23463758521723257,0.11403110287050418,0.9866075773773779,permutation,time,34A,1.0
7,20000,0.5384131249600462,0.22403385332883535,0.12095778599028083,0.9640351439826017,permutation,time,34A,1.0
8,20000,0.5295046624556652,0.21578969437543402,0.1204271878709347,0.9497046914790462,permutation,time,34A,1.0
9,20000,0.5234011519152583,0.20757294619787864,0.1236366390150167,0.9241527394779795,permutation,time,34A,1.0
10,20000,0.5183062695579777,0.200475998986422,0.12688911439937808,0.8987611949948558,permutation,time,34A,1.0
11,20000,0.5140521110494124,0.1935916852118191,0.13660241518962762,0.8750050809582757,permutation,time,34A,1.0
12,20000,0.5105979988948637,0.18710892172425206,0.14260298081574924,0.8556486438157996,permutation,time,34A,1.0
13,20000,0.5077502883891367,0.18201440831523033,0.14745601812866865,0.8427440772814769,permutation,time,34A,1.0
14,20000,0.5056227714391697,0.17688989407946334,0.15330930417713268,0.8346533215250159,permutation,time,34A,1.0
15,20000,0.5037195913659344,0.1720682747458205,0.1597799954777095,0.8251591927056113,permutation,time,34A,1.0
16,20000,0.5020971106861621,0.167646688955413,0.16378249453904936,0.8168510780763641,permutation,time,34A,1.0
17,20000,0.5008768207117293,0.16369164172594355,0.17067262751068754,0.8075076179986331,permutation,time,34A,1.0
18,20000,0.49956824915424425,0.15951415046119574,0.17616190414360375,0.798930251856783,permutation,time,34A,1.0
19,20000,0.49887902374028664,0.15591986040465847,0.1829861249658087,0.791439279338409,permutation,time,34A,1.0
20,20000,0.49806953518805647,0.15214971531488708,0.19151647253086168,0.780836945050335,permutation,time,34A,1.0
21,20000,0.49710117691890954,0.14886807775465788,0.19599525961212474,0.7756553092053581,permutation,time,34A,1.0
22,20000,0.4965348852689969,0.14567421774726236,0.20032117578387637,0.7707951726662715,permutation,time,34A,1.0
23,20000,0.49581735052924025,0.14221992040937692,0.20594124592709248,0.7642813723676682,permutation,time,34A,1.0
24,20000,0.495247140482342,0.1396779514589004,0.21199398914235226,0.7591922662837821,permutation,time,34A,1.0
25,20000,0.4946178214475807,0.13670690943326205,0.21605777328235073,0.7529749956884166,permutation,time,34A,1.0
26,20000,0.4942858797971061,0.13427124750657976,0.22154257629689003,0.7471479128583802,permutation,time,34A,1.0
27,20000,0.4941180015487731,0.1318704295732636,0.2283403222447769,0.7405353564269956,permutation,time,34A,1.0
28,20000,0.49407748533933754,0.12952127807928718,0.23209120440470557,0.7376230747561725,permutation,time,34A,1.0
29,20000,0.49380598361852646,0.12706892095207778,0.23628383796980323,0.7338400233869513,permutation,time,34A,1.0
30,20000,0.49345341378166274,0.12546582195561162,0.23860185511320572,0.7305748081250769,permutation,time,34A,1.0
31,20000,0.49300972381143465,0.12337002518374221,0.24037245813907773,0.7267158330316361,permutation,time,34A,1.0
32,20000,0.492371187780948,0.12151796467859971,0.2437026072768998,0.7213835945897905,permutation,time,34A,1.0
33,20000,0.49214788369417795,0.12002613378316435,0.24763564099972613,0.7197639794425594,permutation,time,34A,1.0
34,20000,0.49162823428680924,0.11821608442371338,0.25029491489505845,0.7160726547158037,permutation,time,34A,1.0
35,20000,0.49129075968127534,0.1165134386060737,0.25424750538964713,0.7103659730189709,permutation,time,34A,1.0
36,20000,0.4911299067925076,0.11473541971931041,0.25696524543259924,0.7063355901318905,permutation,time,34A,1.0
37,20000,0.49087172559530007,0.11314730878429324,0.2607047313013015,0.7045565825028434,permutation,time,34A,1.0
1,20000,1.0,6.104360325275513e-17,0.9999999999999999,1.0000000000000002,permutation,time,61,0.0
2,20000,0.7166182356701174,0.3037339464545262,0.07722207673574921,1.0,permutation,time,61,0.0
3,20000,0.6363087215254062,0.2653716691175309,0.16371349725736137,1.0,permutation,time,61,0.0
4,20000,0.5846333576142323,0.2555031748952565,0.10221339631047356,1.0,permutation,time,61,0.0
5,20000,0.5568863005787049,0.2406078911706636,0.11841748107956836,0.9963409197897545,permutation,time,61,0.0
6,20000,0.5375158488295174,0.23025441587238296,0.10968945094083565,0.976189153443069,permutation,time,61,0.0
7,20000,0.5244357843286578,0.21947713841272795,0.11786285364272146,0.9539605548839842,permutation,time,61,0.0
8,20000,0.5151875827072621,0.2109911316832453,0.12108907442606558,0.9242702714870662,permutation,time,61,0.0
9,20000,0.507279533402893,0.20287776758321838,0.12366118771324315,0.8930744404524109,permutation,time,61,0.0
10,20000,0.5011581143409136,0.1957977938628428,0.12476153281624762,0.8730251141267139,permutation,time,61,0.0
11,20000,0.49557770156589065,0.18931381770199238,0.12930610104188603,0.8524427517753567,permutation,time,61,0.0
12,20000,0.4911843894031184,0.1836416361210737,0.1355936535557943,0.8386547812608155,permutation,time,61,0.0
13,20000,0.4885483287254021,0.17840863048419633,0.14036366296724542,0.8288576825862283,permutation,time,61,0.0
14,20000,0.4857687890912329,0.17338542052852776,0.144346712160054,0.8148722926522527,permutation,time,61,0.0
15,20000,0.48320739159598797,0.1683127324732816,0.14735825889455392,0.8011113512669266,permutation,time,61,0.0
16,20000,0.4815899620860506,0.16396844882418599,0.15367069488476193,0.7892914645710993,permutation,time,61,0.0
17,20000,0.4796900102196083,0.1602037170138963,0.1582849210400422,0.7811684015264533,permutation,time,61,0.0
18,20000,0.47906965828851444,0.15704439551207933,0.1625987404174707,0.7734097978360295,permutation,time,61,0.0
19,20000,0.4778561252749216,0.15356048021168342,0.17103728995245918,0.7650267250785291,permutation,time,61,0.0
20,20000,0.4765157812896049,0.15036950456297893,0.17483459960696585,0.7580908465495846,permutation,time,61,0.0
21,20000,0.47558079486162014,0.14735364602245113,0.17870777437542334,0.7517381736832726,permutation,time,61,0.0
22,20000,0.47490772948372867,0.1441826120672552,0.18552335182321564,0.7437558175948441,permutation,time,61,0.0
23,20000,0.47408025481839905,0.14145457121551036,0.18838089324842516,0.7388150690915128,permutation,time,61,0.0
24,20000,0.473549363884986,0.1388411200751786,0.19174967176197788,0.7349836116730653,permutation,time,61,0.0
25,20000,0.4730478309001248,0.13615419627348566,0.19340695995669435,0.7306046365116814,permutation,time,61,0.0
26,20000,0.4724460916209665,0.1336320530378495,0.19984546804574832,0.7242676645757354,permutation,time,61,0.0
27,20000,0.4723068527987064,0.1311979317845893,0.20663200960686362,0.7199482491327445,permutation,time,61,0.0
28,20000,0.4718241052456206,0.12893576451722746,0.2104291370034371,0.7144923769605955,permutation,time,61,0.0
29,20000,0.47140280101749993,0.12679028939376827,0.2140703528075581,0.7099813704321418,permutation,time,61,0.0
30,20000,0.47096909476707544,0.12473547726153257,0.22021900804314726,0.7071721178432142,permutation,time,61,0.0
31,20000,0.4706585676514641,0.12270926288450246,0.2221457948157133,0.7008939522271099,permutation,time,61,0.0
32,20000,0.47016523764739104,0.12087978407228987,0.22639798760281168,0.6982035806862049,permutation,time,61,0.0
33,20000,0.4699395654384296,0.11904291996836765,0.2290840259180947,0.6965549174843643,permutation,time,61,0.0
34,20000,0.4694987375168539,0.11734956615305525,0.23313080564816976,0.6914026993394462,permutation,time,61,0.0
35,20000,0.4690992722967315,0.11572299655573595,0.2350776518132925,0.6875197622730149,permutation,time,61,0.0
36,20000,0.46884396469721484,0.11393586511082955,0.23868112383159218,0.6834076064340326,permutation,time,61,0.0
37,20000,0.4685303322326953,0.11237124472231633,0.24185129361640628,0.680092581112305,permutation,time,61,0.0
1,20000,1.0,5.1945026029209e-17,0.9999999999999999,1.0000000000000002,permutation,time,61,1.0
2,20000,0.754151336245735,0.2975874011339492,0.06523655216473527,1.0,permutation,time,61,1.0
3,20000,0.685333610983273,0.269834343383577,0.17276285022898874,1.0,permutation,time,61,1.0
4,20000,0.6496801436960842,0.2571455012127053,0.13459467102979059,1.0,permutation,time,61,1.0
5,20000,0.6295539165773382,0.24454514128789,0.1480066247755963,1.0,permutation,time,61,1.0
6,20000,0.6147412949676816,0.2329894426167527,0.14861047938519237,1.0,permutation,time,61,1.0
7,20000,0.6070949076233335,0.2211066382326544,0.16052565590603554,0.9989594300584246,permutation,time,61,1.0
8,20000,0.5998253631802768,0.2115190217142176,0.1662567224996097,0.9875634470500153,permutation,time,61,1.0
9,20000,0.5950322446135515,0.20382877759122636,0.1716552745629567,0.9668199925113614,permutation,time,61,1.0
10,20000,0.5920132008221297,0.19654374261310323,0.188238577819123,0.9473201629400304,permutation,time,61,1.0
11,20000,0.5891607375180602,0.18909566741627004,0.19788102803453403,0.9373805120010799,permutation,time,61,1.0
12,20000,0.5865692389722356,0.18271710451356857,0.2038511713370488,0.9203645722193753,permutation,time,61,1.0
13,20000,0.5853671586148644,0.17616675781585295,0.2193870912662891,0.9026964567374544,permutation,time,61,1.0
14,20000,0.5838058365112639,0.17089663736904487,0.2316598015607709,0.8920228037826261,permutation,time,61,1.0
15,20000,0.5822523206671669,0.1659501631244929,0.23637096111789144,0.8808336434980703,permutation,time,61,1.0
16,20000,0.5809789563707354,0.16123353101710805,0.24696369003468505,0.8717434110358391,permutation,time,61,1.0
17,20000,0.5798654364763521,0.15671799670419403,0.2550945458376937,0.8634434595371129,permutation,time,61,1.0
18,20000,0.5789780677533664,0.1530149853423793,0.26388919419560897,0.8577645588295888,permutation,time,61,1.0
19,20000,0.5780054561919017,0.1492568056989364,0.2705849332729953,0.8507312103486493,permutation,time,61,1.0
20,20000,0.5775066056728648,0.1460828065744694,0.2744071950992738,0.843341196721424,permutation,time,61,1.0
21,20000,0.5765666437570106,0.14274090626277008,0.2816243456945743,0.8356985530212097,permutation,time,61,1.0
22,20000,0.5756707942967398,0.13936364335187437,0.28993991672916297,0.8294475436408427,permutation,time,61,1.0
23,20000,0.5750170033630804,0.13669929078697893,0.29312169906727226,0.8242002424894816,permutation,time,61,1.0
24,20000,0.5746199455587543,0.13380068710833187,0.2970321877016576,0.8177020964387467,permutation,time,61,1.0
25,20000,0.5743997532246434,0.1315537108596601,0.30262548844592413,0.81405514414682,permutation,time,61,1.0
26,20000,0.5741517716289681,0.12920775279649815,0.30427496459779746,0.80861675553481,permutation,time,61,1.0
27,20000,0.5737217902439108,0.1265124845108297,0.3117024447630299,0.8043366663721927,permutation,time,61,1.0
28,20000,0.5735934352819261,0.12404597863482508,0.31868845804095575,0.8027582956703531,permutation,time,61,1.0
29,20000,0.5734026896408276,0.12200176138916138,0.3212452912435743,0.8000314661702769,permutation,time,61,1.0
30,20000,0.5731231359162424,0.1202058310515186,0.3260359686933717,0.796178117421524,permutation,time,61,1.0
31,20000,0.5729562760083461,0.11838947352609099,0.3296149551943182,0.791655906747484,permutation,time,61,1.0
32,20000,0.5728417695129665,0.11670515015252149,0.3327325998089951,0.790436836431763,permutation,time,61,1.0
33,20000,0.5724049774196402,0.1150588459838712,0.33611556227898387,0.7853624322293193,permutation,time,61,1.0
34,20000,0.5722629434887994,0.11331774279663821,0.3407681020117466,0.7832531829025435,permutation,time,61,1.0
35,20000,0.5718688869546968,0.11185943374362729,0.3406944216602911,0.7807351628388959,permutation,time,61,1.0
36,20000,0.571489560626817,0.11022507950749842,0.34347183653957863,0.7761494604631239,permutation,time,61,1.0
37,20000,0.5712077168224047,0.10866726712560673,0.34742464803369016,0.7734424075299728,permutation,time,61,1.0
1,20000,1.0,5.4515461459701403e-17,0.9999999999999999,1.0000000000000002,permutation,time,30,0.0
2,20000,0.8004052249445159,0.28495207867592404,0.07796572905994095,1.0,permutation,time,30,0.0
3,20000,0.7461817603202101,0.2610934845106415,0.23839085244064626,1.0,permutation,time,30,0.0
4,20000,0.7170851023108907,0.24997404904969142,0.157496808273606,1.0,permutation,time,30,0.0
5,20000,0.7027683408665757,0.23531567271555598,0.20029258672924413,1.0,permutation,time,30,0.0
6,20000,0.6936516130113143,0.22249801290320476,0.2142244981055756,0.9999715008925979,permutation,time,30,0.0
7,20000,0.6863003044985537,0.21028314356442698,0.22395343182393948,0.9992627852062976,permutation,time,30,0.0
8,20000,0.6819106244198004,0.19989921957562898,0.242417024446316,0.9947483109169806,permutation,time,30,0.0
9,20000,0.6789610642997403,0.19081616476216323,0.2581449089708926,0.9899384676914726,permutation,time,30,0.0
10,20000,0.6772246042461553,0.18249590735128662,0.2809457375691983,0.9819462878009517,permutation,time,30,0.0
11,20000,0.67524080400072,0.17518724117038553,0.2986733357753188,0.9714907339676943,permutation,time,30,0.0
12,20000,0.6740399084839757,0.16842595731889323,0.3116593358836154,0.95996407752912,permutation,time,30,0.0
13,20000,0.672632980479925,0.16294335998499473,0.3216319988727009,0.9534581628263491,permutation,time,30,0.0
14,20000,0.6717264674310531,0.15814212896422372,0.3306116115482139,0.9446985266516947,permutation,time,30,0.0
15,20000,0.670540995599993,0.1529636638240224,0.34229289607683067,0.9355834136834957,permutation,time,30,0.0
16,20000,0.6697890849081095,0.1484951289233949,0.3503813389658272,0.9282735306164746,permutation,time,30,0.0
17,20000,0.6690482908407768,0.14427464897164435,0.357537094968849,0.9203705327559211,permutation,time,30,0.0
18,20000,0.6685054188748963,0.14019066695493773,0.3663210795211195,0.912692463204683,permutation,time,30,0.0
19,20000,0.6681339586873859,0.13680288734595494,0.3765627638976626,0.9078292679162188,permutation,time,30,0.0
20,20000,0.6675923842584878,0.13310230302081758,0.3853275620826275,0.9009859843748277,permutation,time,30,0.0
21,20000,0.6674121902046776,0.12972579507646106,0.39526846816405553,0.895198971219471,permutation,time,30,0.0
22,20000,0.6671621508468878,0.12664934620454743,0.3992307286350407,0.8896409327854831,permutation,time,30,0.0
23,20000,0.6670782304477032,0.12409247958652415,0.40754016254666525,0.8855068898297211,permutation,time,30,0.0
24,20000,0.6663423476525457,0.12148536469530978,0.4081399895332,0.8815271248876566,permutation,time,30,0.0
25,20000,0.6661129281182734,0.11923040245046357,0.4159901199061486,0.878363114186612,permutation,time,30,0.0
26,20000,0.6656293134429166,0.1167532193472357,0.42160452427587913,0.8744956228663013,permutation,time,30,0.0
27,20000,0.6653382589085542,0.11461946886110069,0.42387872315152475,0.8727413855168562,permutation,time,30,0.0
28,20000,0.6651654583306201,0.11263656821345415,0.42947265441445626,0.8666261599409235,permutation,time,30,0.0
29,20000,0.6647606281917723,0.11105637485411482,0.4326267991338176,0.8634952912861193,permutation,time,30,0.0
30,20000,0.6644569146104579,0.10925544515691682,0.4360206064340047,0.8601095360257138,permutation,time,30,0.0
31,20000,0.6642233664816107,0.10751823210413185,0.43956674410276053,0.856824268465602,permutation,time,30,0.0
32,20000,0.6642284377311595,0.10565031411124859,0.4435387182778882,0.8537893120613982,permutation,time,30,0.0
33,20000,0.6642671490675264,0.10403560568375361,0.44673364025778667,0.8520043858817512,permutation,time,30,0.0
34,20000,0.664134938045425,0.10241777809101278,0.44991634625372784,0.8494804219459863,permutation,time,30,0.0
35,20000,0.6641104317003544,0.10109087967354362,0.451957805188702,0.8473657726326107,permutation,time,30,0.0
36,20000,0.6640951670737383,0.09986129680256302,0.45406655161195836,0.8448128447375128,permutation,time,30,0.0
37,20000,0.6639993429438443,0.09856894592834606,0.4583858976859269,0.8435854894493036,permutation,time,30,0.0
1,20000,1.0,6.469533333289614e-17,0.9999999999999999,1.0000000000000002,permutation,time,30,1.0
2,20000,0.7580613922128333,0.296297899099941,0.07783630337351281,1.0,permutation,time,30,1.0
3,20000,0.6906308530253052,0.2652891662944595,0.19897784048063158,1.0,permutation,time,30,1.0
4,20000,0.6544938993836172,0.25435909118221206,0.13457203761233102,0.999927799373774,permutation,time,30,1.0
5,20000,0.6338273612280535,0.23979347498725886,0.15848123163165057,0.9993859234585896,permutation,time,30,1.0
6,20000,0.6198173878245768,0.22796224197535497,0.1610287304735219,0.9967183775938763,permutation,time,30,1.0
7,20000,0.6097571455492998,0.2174665220233629,0.17003266620580593,0.9865755288916358,permutation,time,30,1.0
8,20000,0.6033360923973345,0.20773955300812827,0.17840367895928996,0.9757304203216026,permutation,time,30,1.0
9,20000,0.5985513711568692,0.1999932130313106,0.18984330500947957,0.9612633480998963,permutation,time,30,1.0
10,20000,0.59568400852028,0.1914813985736707,0.1994367420151156,0.9434638719737425,permutation,time,30,1.0
11,20000,0.5927478293173671,0.18419580615791686,0.2084429562431391,0.9217919956925931,permutation,time,30,1.0
12,20000,0.5906919475118731,0.17744432871513172,0.2230004596794523,0.9096755001704903,permutation,time,30,1.0
13,20000,0.5885406106333064,0.1715062848278828,0.2339121095037755,0.8963743591968141,permutation,time,30,1.0
14,20000,0.5864245158861,0.16590470691417802,0.24131548422435134,0.8866996728665811,permutation,time,30,1.0
15,20000,0.5854088123435772,0.16112101657681194,0.24859972572650713,0.8772203504869086,permutation,time,30,1.0
16,20000,0.5842117771273825,0.15640733573574803,0.25794690609882437,0.866946883397274,permutation,time,30,1.0
17,20000,0.5830706439294491,0.15246954930772852,0.26173276439876336,0.8597948187757037,permutation,time,30,1.0
18,20000,0.5822309129397963,0.14824122181438823,0.2730480657933788,0.8510608086244117,permutation,time,30,1.0
19,20000,0.5817316244364711,0.14432996135813925,0.28173030572215746,0.8457086045343074,permutation,time,30,1.0
20,20000,0.5812912504432431,0.14085661999645946,0.28707359660319126,0.8392560298845639,permutation,time,30,1.0
21,20000,0.5809350990178549,0.1377961239033582,0.29436636399271576,0.8342281418853599,permutation,time,30,1.0
22,20000,0.580896561964718,0.13455965680116522,0.30036311698602625,0.8264693619525162,permutation,time,30,1.0
23,20000,0.5800962981304314,0.1316637391411195,0.3075481716143101,0.8204119541629215,permutation,time,30,1.0
24,20000,0.5800102025534873,0.12914868119527376,0.3093146607384423,0.8161739505830177,permutation,time,30,1.0
25,20000,0.5794176688216647,0.12690522198730747,0.3156642048866883,0.8131217587109187,permutation,time,30,1.0
26,20000,0.5789469930947491,0.12462688390134322,0.3189967464315637,0.8065165450198958,permutation,time,30,1.0
27,20000,0.5790739872740993,0.12247079587238696,0.32232928367083963,0.8026151478876496,permutation,time,30,1.0
28,20000,0.5787197875018062,0.12055252507446475,0.3269426947011025,0.7996693389647342,permutation,time,30,1.0
29,20000,0.5786958744099984,0.11857739277389771,0.3313389963960825,0.7954763739185667,permutation,time,30,1.0
30,20000,0.5786010766730949,0.11683578605649989,0.3328558718832762,0.793613370378673,permutation,time,30,1.0
31,20000,0.5785571547558714,0.11519912805139333,0.33530586262382406,0.7903781531278902,permutation,time,30,1.0
32,20000,0.5786309258688274,0.11365947178111327,0.3409351085688669,0.7882820868168331,permutation,time,30,1.0
33,20000,0.5781918420312683,0.11182889249609236,0.34437971618396823,0.7859073060631676,permutation,time,30,1.0
34,20000,0.577822805701006,0.11003155774317416,0.3476488972197118,0.7829455569477465,permutation,time,30,1.0
35,20000,0.5776934142680132,0.10861357202522365,0.35171605958910196,0.7783742681403318,permutation,time,30,1.0
36,20000,0.5774270922316078,0.10704717941638715,0.3565704374768466,0.7759055841401449,permutation,time,30,1.0
37,20000,0.5773157432365186,0.1056885751645227,0.3585824496214741,0.7731710186796152,permutation,time,30,1.0
